accel_x,accel_y,accel_z,gyro_x,gyro_y,gyro_z,label
-2.332306888509291,-0.32519564578140103,-0.6333592840633278,0.6305568288544466,-0.21505560338074206,-2.345698623789488,1
0.33070710806094417,-0.19329657383013027,-0.0820114560586184,0.03938224788779825,-0.07257570515101161,-0.058781498116483935,0
2.6829837781092296,-0.9784853137888563,1.6755481612679493,-1.1355237193330712,1.6491347823808926,-1.196079518342143,1
0.46847108508333507,0.02912215918374483,-0.09737585274862222,0.12265917900459965,0.1408171345565132,0.018967910321857757,0
-0.6289591383451635,0.746767711228916,-0.10624783371693511,0.34264862339562496,-0.5951191142205313,0.20611988713907195,1
2.1849303854938684,0.42394005997985224,1.5737639479982117,0.578088631626435,-0.21174550648022455,1.1789581427767022,1
-2.300580885648082,-1.6965201799907688,1.5685330349345286,-0.2103459169910034,1.4406915761062244,-1.9186472715607372,1
-2.0712155084177306,0.9914368687170898,1.2060558434972817,-1.1334963527840718,-0.9655645438482532,-0.28603651603620583,1
-3.7178792179482723,0.6215136469395401,1.4416357848092116,0.4869557272281553,2.977548754088715,0.8679818852220058,1
-0.5986566741360759,2.813631264265403,0.6765866372597257,-0.4003161865284019,-0.4294669385150184,0.4781349296142524,1
1.0201125549794197,-1.616365320127282,0.8963811436571935,2.2220304052036743,0.9036332282425934,0.20512296030835725,1
1.3599380348870798,0.6918385392315453,-0.21561237266975258,-1.2595814187162893,-0.6956742897256248,-2.0303883280652704,1
1.55031652792322,-1.9418481315934402,0.20384623126540072,-0.8365041297254951,0.1945108317481981,0.1391409534330971,1
-0.6601257623767566,-0.17029390738419123,0.9358855256636572,1.5455226709645753,-2.6247429699538602,1.8387522230064317,1
-0.1955859408273187,0.11162781475564994,-0.42026122772802066,-0.07801965411420023,0.07865644070346207,0.11292527759798854,0
-0.006486056055402718,0.36295503361344084,-0.540870993439257,0.09575947317851441,0.1493158976330226,0.12442418718926443,0
0.0005147884707522901,-0.2183187660151034,-0.7826755640400523,0.11456909229935655,-0.1041413133637192,0.051111681573261465,0
0.7632331752838034,1.4244858135660003,-0.22960887944183564,1.8032108386983083,-1.572992871248341,-0.35216605918141913,1
-0.14751181192895374,1.1154725246896187,-0.13200037227173275,-2.237723018313965,1.11419168422121,1.977420640266892,1
-0.1182703797522148,0.017863532366937513,-0.29352757991239703,-0.04287410697329009,0.10168336488655388,-0.058528040352423365,0
0.8706430700943065,0.3478127425330181,0.45921780382548755,-1.3729970938953087,1.7534600307501171,0.1664176566838065,1
-1.1883900406492032,0.40779834101872986,0.3975710885751551,-0.2466240325626014,-1.683222323230639,0.38443373471638664,1
0.321265697192834,-0.43216357666844296,0.13805736401044363,0.07436912824692977,-0.021627343794076746,0.0724279174416538,0
-1.1546144765212347,-1.3072529589252702,0.9149842715579749,-1.6351137585977331,1.6111027339316333,0.8678418090505445,1
0.10209762297242794,-2.823278184952979,0.4484354468788126,-1.5131269535119818,-1.0755340467038983,0.06102375393718223,1
-0.21331124735455428,-0.09162897202567473,0.02933383174198932,-0.21089617973828953,0.09179583436378537,0.011776883359110457,0
0.22130609005935328,-1.0827009581674722,0.24910462322723229,-0.4126757037205811,-0.9472998404183376,-0.4562043724328997,1
-0.43541804440007664,0.4726484884831067,-0.05773442195804773,1.0245983027987924,-1.7098366643589857,-0.12291766343896703,1
-0.37948608206100926,-0.0957281852446208,-0.04002578927021093,0.001678201787631967,0.1149353507257719,0.010997985889886873,0
0.4616871089114392,-0.18738371660356862,-0.8478194836799782,-0.04794739016751426,-0.09007468455618606,-0.01773833291303303,0
1.2812798114104438,-1.5059225674061159,0.8986775362660206,-0.3125563684794331,0.3548611792580821,-1.2633661540395822,1
-0.45172399238724426,0.9722690866564248,1.208736617421334,0.309961486625471,3.1831000430679333,-1.4044747336320735,1
-0.27471227977920565,0.17818226713649027,-0.3467483015202629,-0.10803917535349612,-0.08216412202687091,0.010234513392650104,0
-0.9366406149205863,0.32986972953134985,0.4137376223584031,-0.03915247539859929,-0.26365175374725364,2.140050285617592,1
1.3934734186062818,-0.4267866320941341,-0.9350972693251592,-0.6876550139540369,0.9837141620988933,-1.1411700774136537,1
3.76077662748871,0.7550154062948649,1.6962082499598965,0.6978287849633225,-1.1712612484774103,-1.3192848802943038,1
2.585482133488195,-0.5048679659851072,1.6281093467289538,-1.469979217263789,-1.9890887296247948,0.6307963666196459,1
0.198364898490725,-0.27369046503750144,-0.23547885063099988,0.06773240625400297,0.17621227895162253,0.15440242891835265,0
0.5230699502813093,0.22948426657628102,-0.3369360681923373,0.21304003928504459,-0.6627706633962603,-0.861173761355194,1
-0.11012410461326436,0.08442631680713948,0.12393612919679377,0.018849012335142877,0.12836356188193174,-0.02547372031232468,0
0.03776011726528735,0.08812381414476347,-0.19078114444969832,-0.009311886305852852,-0.07882679885480046,-0.03479126832114023,0
-0.010161571329556394,0.111810241115311,-0.39936959008541245,0.03435448391089911,0.048342521781114346,-0.0037118446593184854,0
0.6486436939032874,-2.6853473962216583,-0.2288778754830579,-0.15066999039933812,-0.5043808164152984,-1.327023882453238,1
-0.07274773624092358,0.05356771304873999,-0.6818883578299249,0.045648541883914595,0.1796160228550026,0.10106637620050671,0
-1.3488386089965572,1.3855679583441893,3.06884269416796,0.9615533014289079,-2.407399029529931,-1.9959943719053677,1
-0.2628098575494104,0.08222096205453544,-0.2033731723511558,-0.07855909967583653,0.15558128561264267,0.03609888438217021,0
0.10075837596519312,-1.8865652698224893,0.8319945468038282,1.2188469977583019,-2.3068830978753194,-2.9822394656894655,1
-0.43691545491335654,0.2993981183273202,-0.2318634593561958,-0.061511323870300026,-9.497943731984298e-05,0.170072950633064,0
2.4867558634232902,2.641618578671571,2.9402170592897527,-1.4221657017623255,0.9891189292795917,2.8656397554848025,1
-2.7950490779698858,0.8515658150605615,0.11583402704577957,1.3273280003558692,-1.2611741483582926,-0.678269968119209,1
2.3828169691624006,0.43213404433255376,0.6839887238320719,-0.2989878515648518,0.18533641957990224,-2.62258141758351,1
0.10523135311837971,0.15322765300804397,-0.5627903831946677,0.009416783574797217,-0.04318169342274063,-0.1582963357147748,0
1.3193540642767743,-0.5941515922976532,2.4018650617485755,-1.0901489200048984,-1.970029884899375,0.804230676210311,1
0.07674458910093444,-0.3929057685844925,-0.5173046480916329,-0.1268479237049579,0.16826530078326482,0.09407044019921106,0
0.08796047409686986,0.262783932093921,-0.5000809291596964,0.005972989164958752,0.04100791386251033,0.20892485717980144,0
0.23448398698908365,-0.12502574504987862,-0.389520294415645,0.06398449909754517,0.1050727851199421,0.19148895804352978,0
0.014588680194417178,-0.02003546931214696,-0.5382150651717065,0.1121160042200796,-0.0039543213331231656,0.027672426886725308,0
0.6614563488205946,-2.0752190828097565,0.9206798488995424,-0.9379857518050226,0.9158909471371247,-1.0826476335115776,1
-0.37541696922835016,1.5398573192938458,0.4754037086184143,-3.0179795630548414,-0.3548632153722792,3.9760438754200846,1
0.022492765501394604,0.07753974095828903,-0.38708515207522187,-0.11327950513230102,-0.1147615526895731,0.0954269105976958,0
-0.07397232929585751,0.11335690216007585,-0.4047573379395758,0.08736565055538463,-0.061997887667182984,0.026489195339336954,0
1.5545683873846718,0.4189095413434216,0.4177897473600548,-0.9158106310342984,-2.2996774841104304,-0.6790774021552026,1
0.019460931257846138,0.049527389751556065,-0.4298993399474167,0.01475225369750539,0.10467936561834704,-0.01581654480186136,0
-2.6916794981568866,0.4682030468781377,-0.002462637684648418,0.8208209358971045,1.5808615438637592,-2.235995528183717,1
-0.21693764432057372,0.17953133894922918,-0.1532702872034437,-0.055624477623180006,-0.05736066279570206,-0.019878513677028503,0
-0.27802381358617423,-0.1752947049271559,-0.34434458633312404,-0.22591641379727048,0.028907476868181965,0.16980743213149196,0
-0.062468911555662004,0.06614966441333014,-0.15683660762554608,0.06040934546200233,0.1368241057626692,-0.13986400176921177,0
0.08550724916683648,0.4491612100418013,-0.6267592782359285,-0.14300079722196155,0.14039370815070057,0.07911835769743598,0
-0.1985152171334652,-0.17424258909402301,-0.15204352185447687,0.029113805214573164,0.03393686842043444,-0.05646364899086429,0
0.0636060353346279,0.06640613493614153,-0.33696323249736837,0.2861800472386092,-0.005760299098345033,0.07801914418255211,0
-1.29833525371268,0.839699580911402,1.2125774645795182,-4.396758949831178,-1.5033480727685136,-1.6194931977819456,1
0.18181229129882584,1.8712175335589787,-0.37035163562341555,-1.3592477541618195,0.23586739825351147,1.4036389134217262,1
-1.5394405525781956,0.2935977302726584,1.3973016695286777,0.707952491016817,-0.2522563194788526,2.796097048215492,1
-3.2668053376137487,2.1000809881601485,1.6574257158809886,0.2423328283335425,-1.7375074053574684,1.7670365274817783,1
0.1224986510360135,0.08519101560134049,-0.6854090238172078,0.10500884313772813,-0.07202744532219797,-0.047510775257807676,0
0.9437411297067773,-1.01008528096517,-0.8661603223759662,0.03579114356737078,1.0455988137978471,-1.1078872504315014,1
-0.47203269147616117,0.10140276974226434,0.8067437042585728,1.081345604432764,-0.05977777103829356,0.6654988733661364,1
-1.1786476682774991,-0.5573295102474243,0.8534308203050924,-0.3098902699453423,0.5086374265601984,1.2896004912481596,1
1.2281385758418384,-1.8207801697580699,0.4353010483726998,0.9836549106281058,1.2453882538065437,0.15524006108365995,1
-0.26388193956552825,-0.038142838221584055,-0.7928023803450048,0.08563825449340498,0.031094289090520637,0.04315265178266795,0
1.426046551223185,-0.0913403865042588,-0.9667163868807652,-0.26308332042971505,-0.863793172352546,-0.14475493989664578,1
1.38663511039079,0.2683040068197964,1.4449115976539484,0.5852266810010527,0.9816127100911677,-1.9583907840336674,1
-0.027372558947275024,0.31381006554587537,-0.1560173952146786,0.05757480181600802,0.0590044738517418,-0.002679322882834587,0
-0.02688894383713967,0.016121714562028926,-0.541740156166102,0.057113196225922196,0.11850233685624839,0.12485680620665694,0
-0.13167680228409434,-0.07321683422008013,-0.41798302212991545,0.05304172183566984,0.023905265683858177,-0.048745785558817215,0
2.6909993621091646,-0.8057141301890972,0.9121655748160248,-1.9217080327303082,2.0531935186132713,1.1808516331676482,1
-0.021814449343985562,0.01395373765603099,-0.6968812061292624,-0.020947200795914313,0.10237154723175419,0.005505824331493113,0
2.0818174589241076,-3.2569342527798413,1.4209245525466798,-1.003007367462182,-0.7377336687534021,-2.0647877754706636,1
0.2424699863069814,0.2113625233094835,-0.5107545158156721,0.04421145601446665,0.10266017096364387,0.03846052146354319,0
0.19195281390875896,-2.676301819032206,1.8825258055713494,0.4187508200314257,-1.5903659373544312,-1.386416014835831,1
0.72321419542129,-0.8427768844033579,-2.0717375752255043,2.5386835845054336,1.5320735779885977,0.28282685335612345,1
0.07280496227525,0.1219652161976786,-0.09621279117725665,0.07539299711898936,0.010898204006643762,0.10782702319763865,0
1.1789194785836492,0.6210629597197225,-0.5765209116762958,1.3362994420316743,-1.4350885230006225,-1.0232724176247907,1
0.1278045904289432,0.3603928230848668,-0.30128495000242556,0.015533587642459434,0.11039240721154099,0.09294808204762983,0
0.6097402905866518,0.9620506358675349,-1.777661668114817,1.5326189340609386,-0.9463425570405087,-1.2843287958206648,1
-0.0541091424388044,0.07124738376436289,-0.355582285449621,0.02540388615470765,0.034428270095587875,0.09633154254838422,0
-2.4553706536881785,-0.5354042141507798,0.8382420631109233,-1.1568647566445667,0.1569904975966286,0.0725146157336796,1
0.17540640071449506,0.043233356841043444,-0.35809506159069004,0.10231011045390206,0.09884263083061952,-0.008773759150403125,0
-0.1570619622689986,0.07917835363166376,-0.3252551263238397,0.0916160585878233,0.0025502863841155117,-0.04243251717101129,0
1.6762227949825494,1.6164413817181014,-0.8040685827550282,0.2285395163047156,-0.45714774133746267,-2.3327230508788133,1
0.6420952348686398,-2.6891194404194487,1.781616919669051,-1.2241724266386538,-0.330151351317353,-1.2482137114312213,1
-1.1475799987082098,-0.6488862191049296,-0.14362915672701934,-1.3457304728270032,3.7624500296521726,-0.2002844894429678,1
-0.17569190992560724,0.2933218723646573,-0.7973612553616797,0.1282288056625794,0.17406309444509657,0.1691224828113696,0
0.40267754808449924,-0.34484555555153873,-0.7773968153819786,-0.14472975203096353,-0.047140075638874984,-0.05662534699330331,0
-1.2427540027971735,0.3289790063294385,0.7010476855551022,-2.6999845116310084,1.1317571856175948,-0.32717892861623527,1
1.9512636562678556,1.0158144835165384,-0.7160204162555952,-1.5475568946952756,1.0946931206099066,1.482609280974211,1
0.8883729188750557,-0.16987740187268818,-0.6850907022252326,-0.771875771160353,-2.8345420625829787,-1.2231993304354079,1
0.08192258165601754,-0.034358800571114456,-0.32060815610019466,0.17725477804784942,-0.01913326344727941,0.14244248038450796,0
-1.030547133976696,3.4974707043045274,0.7901607096090432,-1.3337106531147929,-0.3498475449285668,0.8843801769064005,1
-0.03551633402621875,0.2282438472191106,-0.8137009279608285,-0.017995763790860514,0.11079278239719403,-0.04342154571927193,0
0.16961844429203,1.4093077836483692,0.8271036748991418,-0.7166940902761246,2.325676833213864,-0.5005893986938085,1
-1.8018491990422467,-0.6955754913334523,-0.4221465282277185,1.9448212066576995,1.0889535615798216,-1.2925188065772337,1
-0.38021100569003,1.8325514989085512,1.3239503411352835,-0.2277315465731071,1.3497883690929295,0.1494139708744418,1
-1.570453488238559,0.2541136125889147,-0.1726217524362757,1.8988736443702336,-1.5785100394459006,0.30301345136880553,1
0.968034919263175,-1.2693967519911282,-0.8866704937397709,1.7618639182811435,-0.9428684846631542,-0.11015693135025544,1
1.0103665267589452,-0.21336813434333846,-1.4683273137195687,-0.38730746203085287,0.02123752025707034,0.5170285377059319,1
0.4551780533662633,-0.046597573187230644,-0.31063945892431666,-0.04759364168548584,0.19089485605137516,-0.09705181095485488,0
0.587344044390966,0.615723054783042,-1.7315929489293886,-2.650915457369548,1.8147850226951672,1.969512440471327,1
-1.7630873871368498,-0.5110755373087212,-0.3019618158038399,0.13806280565285697,-0.6758238883079792,-0.5458258374809438,1
-2.098244509950202,-1.0306327204717582,0.5386849006627611,3.332930301957857,-0.5125746249218952,-0.5106469487859883,1
-1.251687497920368,-0.15669662347802354,0.6806033325602161,0.8111623370772705,3.4658880850301386,-0.4420471504758546,1
0.21097748256643875,-0.05995104238795717,-0.49627717338178184,-0.014688044436058924,0.05777499659783525,0.09962762882800309,0
0.3665699927919642,-0.014015489361440816,-0.7464409315622557,-0.04685359503391226,0.042655190610483285,-0.07383436280565381,0
-0.1282323336229479,-0.29185394928872177,-0.31971411193301735,0.10732681695426488,0.021557563484649222,0.04439156379614673,0
1.4425154347913556,0.2740838311381858,-0.09047458851003089,-0.19021332366786062,-2.511050419577271,0.5663744780170972,1
-0.056764798145538455,0.06726699283357658,-0.495050960143636,-0.08430860230300417,0.019752827976050623,0.0051517032185489356,0
-0.20500397706338389,-0.09546787093421127,-0.2950832458847255,0.15128974711080828,0.07963187937804699,0.07474228731505933,0
0.06638292271754047,-0.18776999350543017,-0.5208099826275342,0.06364493479144201,-0.13975626137843272,-0.16578825764328456,0
-0.2647761817270129,0.15561261199889467,-0.5566312017918824,-0.07168150639437487,0.18574591033499893,-0.19198390183289107,0
-0.31503240921864906,0.44340215686703316,-0.6117800386540613,-0.006416653089020572,0.06910683248740745,0.059984644639595554,0
0.14678275985863048,0.09805919700302458,-0.646694703938086,-0.17802591809250745,0.11578622856242436,0.06229179996981279,0
0.13878509466378935,0.3111776887447533,-0.642297078255625,0.18899285931362542,-0.09725983785864267,0.02933704346813264,0
0.28186572678020455,-1.6405963866295599,-0.7289138097826258,-1.9302537484916567,1.274251603423221,-0.5329797845439922,1
0.11028575026160356,-0.2573263792736107,-0.5680482483211595,0.06727196129192552,0.17378172410944098,0.033823332421853244,0
2.2999972003375833,0.35237804112140036,0.7829951975322512,1.1934479198830938,0.08552830845424622,1.4909799259075152,1
-2.439739317673224,-1.9945160832925146,0.4622175682896353,0.14478018815461874,0.6500348235734111,-1.2974300521523898,1
0.08792756088511224,0.06117209092951943,0.11240365018268854,0.0068729214891647405,-0.050874867625486646,-0.09383902600847123,0
0.007636296115391164,0.13048697674873697,-0.4351284824892708,0.007172419544884591,-0.13672167069830152,0.06911504590084479,0
-0.38688127859873134,0.02163007596719577,-0.47596135881269497,0.17894126871868715,0.010342451386397538,0.10479310019013145,0
-0.43081530850727134,-0.05158497509395831,-0.733168345666038,-0.03740599851364597,-0.005378267527188894,0.09913660182674068,0
0.33068650641350333,0.1660183046567959,-0.5561242287391344,0.008565938905313457,0.01269001879237581,-0.03010171315757101,0
-0.2346037043355877,0.00044269922770691426,-0.06650374751154053,-0.0470332211955104,0.10085719169428564,0.038247909144965495,0
-0.2461421830355912,0.13491235909712854,2.240830560548113,-0.25274860602031757,1.415770549141476,1.598781052385108,1
-0.23392802549280337,0.09261390253685815,-0.4114009063580566,0.004395470979210089,-0.021700450217360764,-0.11607279116346365,0
-0.23648166537044277,-0.08372849596091311,-0.21711519278100114,-0.06962739592518087,0.024157404368262,-0.006225461911729599,0
-0.39876374963463573,1.9142416279443792,-1.015326078975976,-1.6558330077945138,2.8591217666170023,-1.32720500806752,1
0.06241939276551312,-0.02524806324649652,-0.3989768582510498,0.06263248885287274,0.100643195414678,-0.029634264103574857,0
0.17554963978846388,-0.2595153414868697,-0.28662062025776486,0.1879890699677319,-0.0710116174574964,-0.06558712412638626,0
1.4485206878877066,-0.05156454518647749,-0.25245096477150003,0.8877162639871252,1.2518126463452826,-1.9760920066722567,1
-0.10497996080143457,0.04787312346769138,-0.18869153475506095,0.01653713839661835,0.09963327424552738,-0.09248276814256345,0
-0.1977633769476525,0.5600218748946658,1.1909406132238396,-1.0455198418527678,-1.1124293067627211,1.972848887727771,1
-0.07016877999947399,0.24103758438818043,-0.48211481801514794,-0.05359937562520112,-0.01511252815897988,0.05272289337463732,0
-0.37690963074664935,-0.0016494945230034425,-0.707774162137899,-0.013617399099401373,-0.04249393288811576,-0.15437420082626022,0
0.8355405780689802,1.7630552114967641,0.8092528905223269,-0.31897017910182585,-0.6309459190503065,1.9006569306188514,1
-0.4482117677979409,0.46874600266519384,-0.2393322610518842,0.05199728244392988,-0.0512856828541873,-0.01687155708669947,0
0.22909927979530628,0.39625947130517464,-0.46392801488402124,0.10447723199065274,0.14144228570714493,0.15483288797572162,0
0.5896417431168771,0.09108505616523466,-0.9263503153471606,-0.044978047768414874,0.13002147105020873,2.586594230349887,1
-0.9938633027508685,-0.35481497574194176,-1.9191150436175184,-3.9341348907364293,-0.8074107755420573,-0.4188205183671003,1
-0.1585229893211109,0.05032969255220136,-0.19729764057522198,-0.01679656945554825,-0.015032365266545729,0.09373897206078084,0
-1.2677209704418448,0.37157260645765094,3.190641386965635,0.6094665543942748,-3.194887960453256,0.5359839332206513,1
-0.20087004218745194,0.059542021516165625,-0.4853901339494374,-0.08009150161163484,0.09749138319983014,0.0021879659073905395,0
-0.14861835900000409,0.7775445047191818,-0.6043451118094624,-1.0191256826874864,-1.9009469580098572,-0.7904725159652084,1
-0.16831452991130932,0.19332932891204435,-0.25528191471442035,0.006565673101454765,0.043321155068439074,-0.21038527148131908,0
-1.5478191323754997,-1.776367807641116,-0.16223345901592715,0.832238070644621,-1.5108050146482859,-1.3781376686089915,1
0.26832378985559896,-0.15088299407565295,-0.5582808654471683,-0.01680342259702884,0.04660643340935981,0.045849823656226155,0
0.5766299373015524,-2.9631061024566248,0.7504639907569303,0.20152011068483014,-0.8223249542847518,-0.4969867137874034,1
0.01889815945204278,0.053165420471099734,-0.4315156883976062,-0.08425614377563932,0.06974442408214444,0.1260688238708227,0
0.35460305715842494,0.028694653383082778,-0.44009779148948475,0.19740514368631334,-0.11950607835814085,0.018752303751565204,0
-0.17134880041364553,0.4983823278930606,-0.6076422146441058,-0.026820165055895913,0.1514613839962482,0.12535473460903207,0
0.4195752670087706,0.10791495430258963,-0.2854687650503203,-0.784101916048414,-0.2542922043943546,0.9538118361323347,1
-0.49600316712927556,-0.29328617317560207,-1.1954444749269548,1.481957826030551,-0.3587627806449296,0.8356168577837301,1
-0.037299104730136395,0.3097928499640876,-0.2515870353784784,0.08868744789215714,-0.08241417251106216,0.040210867110749046,0
-0.005005900684530341,-0.27202912304541804,-0.08447166118362444,0.07036735403781023,0.01394800624121443,-0.12226991199353554,0
0.22342322442100193,0.27870344015054127,-0.33499327698630693,-0.1501312533057255,0.03928631120180304,0.00885482693347849,0
0.13385971978036673,0.047394275621498214,-0.5799177949729487,0.047743175360998744,0.1608684296620726,0.08496266644540698,0
0.11630411741503088,-0.15410147379197747,-0.5319314426714067,0.1371823333429224,0.12465214866277768,-0.0900666462022572,0
0.29654266253410566,-0.11314808335671007,-0.4128267623956291,0.02577182700597319,-0.08377052861574316,0.18937864331040805,0
-0.057552823176574903,0.30066564623159475,-0.37932712617301173,-0.012511489567266715,0.10151832851958512,0.04296533935471414,0
-0.8258624571077046,0.2862211004007205,2.498085090495642,-2.8958221778580606,-0.8299969200411795,-2.338734148030191,1
0.04445917845108538,0.19955578182267472,-0.6002172213668511,0.06489591202540639,-0.07088175607570922,-0.06761632505531123,0
-0.2610507998181921,-0.09077412455102124,-0.34942858126462817,-0.09792723535334058,0.09112600989929576,0.09497414906063356,0
-0.16713457113438712,0.28739931849622613,-0.2311717293650558,0.05634275973856533,0.08229443587859106,0.07441311900323794,0
0.23792243409012168,-0.06425627726963512,-0.2388927930909913,0.021607966918544972,0.20174640486481155,-0.0320707455798681,0
0.8700006753327925,-0.7186499026875955,-0.21404863596971388,0.10525516446832658,0.656438758972774,0.07687556306557519,1
-0.3535819639602342,-0.18534045575990712,-0.0419750359927163,-0.04557131108674982,0.2194822652570245,0.08343555124204484,0
-0.03345977183686619,0.20811036598719299,-0.09084295548511953,-0.0890006191829182,0.11495850449410647,-0.07382301644586232,0
-0.19682285781243095,0.32289892184687613,-0.25163610695562033,-0.011892216079216372,0.1291255201608755,-0.037239123993227534,0
-0.5449572462594016,-1.7256806640838627,2.4819444539858293,0.6126431138552481,-1.9831725611915778,-1.997678092596606,1
0.5804229177005304,-1.5883542660659165,0.6701414417021374,-1.784502844894043,-1.068810882496158,1.6169913160810208,1
-0.12484385338352444,-2.980821635308142,-0.6987508534716901,-1.236683256968691,-0.44179399716562434,-0.8220618652895411,1
2.5443866959048904,0.060999685640892844,1.1783459945242698,0.35563073028633185,-1.1369910417356384,-0.4091397685128091,1
-0.10491464183764235,0.18570902643979686,-0.37600916959152325,-0.023276406631047013,-0.08993710899312964,0.3530877881635639,0
-1.754368156035493,-1.8544269842041614,1.307006152188247,0.5360800754185693,-1.79229969148681,1.1587531860326088,1
0.20831669811117628,-0.12697828831887104,-0.1945354690010938,0.12150284225394688,0.1824494363555974,0.060699388055429564,0
0.11729621860799513,0.32511989463612584,-0.1808202502433221,-0.12846722643189604,0.08842026482879611,0.09887788996890433,0
-0.39703091830990556,-0.21004750035743366,2.5626161199814126,2.0125832239060157,-0.017005359487332148,1.4246447754622487,1
-1.2044030428897072,-2.4036727010284196,-2.090374785520776,-3.2154474155458916,-0.5490263236094554,0.4376813029052082,1
-0.9429932875023772,0.5268156503921159,1.6360870169904285,-2.0366810866529628,-0.20391826663282642,0.6254185387573789,1
0.10627978885474174,0.24943070849385013,-0.11292981812409011,0.0764595830402989,-0.020319474271805277,0.06976788063133448,0
0.5926373639338336,-0.1057907279868515,-0.9589675931566163,0.704813697656787,1.0917394383154526,1.798712407713952,1
0.03128430164171522,-0.25059388091721774,-0.2963474383538521,-0.050003065145131476,0.042094212744897844,-0.08920217364462019,0
1.1475083414140443,-1.578522251835118,1.8015122680076139,-1.3508622172882674,0.9027193247953713,2.8560808372387165,1
0.04845479151228247,-0.21738868003560646,-0.7025682386350248,-0.021813443090114293,0.06111094226534585,0.10860356277917795,0
-0.06019604631291036,0.2516126199414851,-0.6301211330498067,0.0955622006132932,0.22227705536573794,0.029640296795861953,0
-0.10532191609015251,0.0749564056846999,-0.21034963977146412,0.022742520019471215,-0.1531932231224542,0.03989291021134098,0
0.06823517968405306,-0.09009056212810303,-0.7363167616525513,0.033932019746262844,-0.11929462308390051,0.12119604387714321,0
0.0685337300847984,0.056615645599236035,-0.5514949431288063,0.00016063975443634927,0.11454193566864343,-0.11231644640965112,0
-1.0583767617211088,0.6267391720095328,0.6667657341189193,-1.845713513923171,2.583454065414085,1.5966286573035433,1
0.2459664026020754,0.014519319584229456,-0.5660802588244535,-0.00159608054269288,0.09471350718658651,0.15097012583587902,0
0.14010035673158108,0.12839329951652476,-0.22218157826488805,0.08245748855379549,-0.000265868404537622,-0.09655504461418692,0
0.05057759768897568,-0.018145565781833486,0.03346056994696542,-0.05339692865263887,-0.028766002147288493,0.06793325826609635,0
-1.0258840691484348,0.8677501746371952,-0.0851868785985019,-1.4322461599506828,1.5367795447694077,-0.7405832192010896,1
0.18492581312001993,0.3029751609156433,-0.7049367379880744,-0.03238631959573571,0.0819181782242815,0.0009822151167314427,0
2.0834075672614185,1.4643827362064026,1.517741671849289,0.8257425060713889,0.4088120506305924,-1.468703199743211,1
-0.45437994396482617,0.18605150790507727,-0.37680159614740444,0.032232655066942305,-0.07578983107085276,0.07566682835610931,0
-1.3281483930386324,0.3714035225844066,0.49287616942205315,0.7937629463844237,-3.3888718555157036,2.1700688561332746,1
-2.4687439275476026,-0.39743649856928914,-0.10743388084615173,-0.26655334900092675,-0.5761421815387513,0.7294093100275406,1
0.3202625355928798,-0.09083787489558418,-0.8062883502157543,0.1630445637028076,0.0958363022274698,0.09194976080872612,0
-0.13233153873897174,-1.3273593416491491,1.0324758163180998,-0.3047126948680192,1.5273591977702219,-3.805554667602029,1
-0.008125441439348952,0.023964648956221368,-0.3689154834279151,-0.1269039376979252,0.025739376518116936,-0.07446607354865838,0
-0.025730589579841517,0.11543831578242414,-0.2528461556842195,-0.17662405776656945,-0.011768586609738169,0.10029644537168671,0
0.04071613367186386,-0.09575586755165268,-0.18922312158589805,-0.2405966435717816,-0.11865106368399321,0.02622841867696594,0
-0.6837326794718261,-0.6862164144776457,-2.1091160649352174,-3.6385820998436182,0.92313295239673,0.35004123301049883,1
0.10122416142397972,-0.06130522030419662,-0.3177796619430082,0.0983109925954929,0.09357178384519749,0.047874467809179616,0
-0.1510173638600476,-0.025021567756283683,-0.5543969638338963,0.025741265125782016,0.04225050726433345,0.06471712085103434,0
0.06955421298666158,-0.15844062303189907,-0.3642900509248316,-0.023017316842005565,0.02708887351453222,0.00445232957322708,0
-1.0939229031039701,-1.127537438047533,-2.7092800100056635,0.22837983330475323,1.3005358948964445,0.5701320908264829,1
-0.3694158609899355,1.3457820754928231,-2.545020456101963,-1.8533027548744498,3.739562109633949,-2.1638990505989675,1
-0.16980036861286885,3.0462550831665585,2.0309664176888065,1.1065300502330875,2.492013741463466,-0.9464299569661392,1
0.18262939182146704,-0.785856882956537,1.2541406067450913,0.12396300272616333,-1.1830270828345089,0.023089683763852255,1
-0.2927395994557777,0.2678295346262209,-0.36739529127783443,-0.09274813688982714,0.038074097852330756,-0.08358733579127776,0
-0.07126258760517859,0.028086939045665303,-0.4798894104765367,-0.03763418324685474,-0.0018795756165059692,0.05263138209609504,0
-0.14480229724773802,-0.354275980581617,0.1427160998183998,-0.01747212025890426,0.12060949721420619,-0.05269365142257875,0
-0.11728587474978079,0.2765261048151162,-0.5471962293695324,-0.04259644484866339,0.035999589022123704,0.060233351849968114,0
0.47662096462155207,-0.08067303773429109,-0.6642882071650589,0.10266106452443922,0.08955410239655855,-0.051112552625189184,0
-0.10843393059369112,-1.4821169714939249,2.205288276466334,-0.10376231817907695,0.5894046678667827,0.02261087396742633,1
-1.2679408880747465,2.253511984161601,-0.31278190341903656,1.6296454445614048,-0.43351714476710224,0.9955861374554362,1
2.3979804640477402,-0.1723214504078035,0.45493350612614586,-0.6621916432958462,2.53023906023469,-0.20571126274882437,1
1.5114930770879955,2.2816017211902797,1.5552406576434803,2.8923656957223365,-2.2599669925698995,-0.8085911192408941,1
-0.10363565883738059,0.3457089535933638,-0.8743709323871771,0.4330243155253324,-1.6717387230592582,0.23949005517062383,1
-0.015343491383928716,0.0647500123585958,-0.3995464309479561,0.07331270020525739,0.07671547292839875,-0.046319203598483794,0
0.06572758159170217,-0.5199247509599855,-0.3251439245525628,0.09115157799351174,0.17100810341541486,-0.049865338478338773,0
-0.09995981819399183,-0.04616756943574042,-0.3931853303201386,0.059813301553432986,-0.10328405176276774,-0.06424966619134337,0
0.21709708470194203,-0.19478158861674338,-0.16459133712024776,0.0536682738232813,0.028302506448858167,0.07656656647745248,0
-2.7647606660716453,2.0310110575835525,1.520121554768977,0.169808650426988,0.011903653579801145,0.863319903207672,1
0.38883084248252764,0.4902149277911727,0.8107268342211637,-0.3472683671061774,-0.7342341137240728,-1.6442081695647568,1
0.20651635345414088,0.11758100328869643,-0.04733525629582673,0.11845675212346936,-0.034400359454860335,0.08722780620950361,0
-0.15941789186867603,-0.10972990770143924,-0.7120522203512829,0.09305626018442643,0.102710535910809,-0.029733468055735564,0
0.10018904791069791,-0.18666503595401845,-1.3248009922899853,2.2454460627619692,-2.1350316912664273,-1.1053113223861788,1
1.7271742043582339,1.089506938518612,2.874413877098968,-1.0096732675594082,0.019848570636066574,1.3082944478738583,1
0.3128102107908721,0.19926829530274562,-0.17964754363278268,0.012645877773433832,0.07162599794776116,0.004209269167322671,0
-0.3035592616387833,-0.3207568964826702,-0.405425676588416,0.04445171492422534,-0.04560205596228266,0.042639717849994103,0
0.16208409045263905,0.0881458776538451,-0.18845292820614318,0.10860139225265905,0.023201316060460227,0.14450729454618433,0
0.026258671989914682,0.45296678745310215,-0.14828983230030218,0.05675545372082354,0.03304484182068403,0.00500231991114527,0
-0.14518032264421002,-0.13674713391232304,-0.5827719714452546,0.0523789830762424,-0.07921026858298447,-0.07559140940147269,0
2.560184399869007,-0.9670367902832667,3.2632443098788064,-2.3321520568579928,-2.1133394792675846,-0.7887093750234693,1
1.6370673063603092,1.5107965484394632,1.0823715958338598,-0.6699264813963082,0.6384530524967961,-0.2899092584778908,1
-0.17774821562329293,0.3480581788646785,-0.44624088981432014,-0.06055072672348075,0.14153949607798685,-0.07885489833639614,0
0.9239883291220679,-0.809762336454707,1.760032473085989,-1.1116809353909856,-1.4753128039673367,0.5056784025252576,1
-1.7560000090759618,0.5370766283363162,-0.9658056913888217,-0.3186849161878815,0.009817556293180651,0.19167063476213664,1
-2.7930724476999162,-0.21483674547331988,2.666018425214471,0.18758559033097144,0.8118738039341836,-0.7343016695568672,1
0.39812532561894215,0.3052638482385324,-0.38643660687229847,-0.000660589122431797,-0.0180583245801208,0.03977647446369587,0
-1.6988215864366654,-1.0378502676472596,0.15459262649233593,-0.4707812502274785,-1.4409913706677833,-1.6953403541796024,1
-0.11241443048764854,0.2880158641082791,-0.3448032729405735,0.08292230898231757,0.10493145695792605,-0.01889397835952808,0
0.3046923869110936,-1.0867979191596193,0.03230346872744385,-0.77820190575088,0.5213813835793124,-1.7996641622130891,1
-1.3420077886370276,0.546647000923192,0.9761395769552104,-1.6868964487151936,1.0887774464441444,-1.3399991836668104,1
1.4418574309505063,-1.1934658240862555,-1.1619710874064875,-0.35625340280358286,-0.32969041182071895,1.6118512139854768,1
0.294217457305846,-0.05698640837286886,-0.6585107176621533,-0.01557425688619314,-0.012011779274003103,-0.012866244949515814,0
0.40436461002395174,-1.74562875570325,0.24545859243477242,1.666806636259014,3.383849606579521,-0.9564147970782655,1
-0.051188855792178425,-0.24393717050746938,-0.6303457371601683,-0.09354046455582701,-0.1584535557930147,0.04987965784897832,0
-0.12558801591200303,-0.012413573897306763,-0.37909854364617096,-0.00921591574817704,-0.018983950994336446,0.008161856767848637,0
0.09471421352169011,-0.1603957656635874,-0.5687023687571086,0.1488851975208947,-0.19372247798008135,-0.07386911561382768,0
0.5440142370124221,-2.4340393107146454,1.8441658486387282,-0.33541730929058666,-0.33401818424823065,0.9458273762946283,1
-0.04992469715487401,-0.006185988307529812,-0.4214284341967611,-0.033094788449389664,0.01154785468790392,0.011731554477208176,0
0.15456445362858956,-0.4682356505958643,-0.5422933095902165,-0.00034259263006834566,0.024700114643731834,0.10224756881491553,0
-1.5858394908196158,0.04758823258421416,2.1049551971634353,-0.1997432381344275,1.9428188919042628,-0.3631963943737115,1
-0.7421800152622028,0.7756994699398171,0.011491829388931491,-0.6500581380462251,0.07373476730755758,2.280656809630203,1
0.2702913870934517,0.7922741614866043,-1.9965025615866678,-0.5131208632548699,-2.8015691582100013,-2.509244447503692,1
0.02192541515102802,-0.3777692852257373,-0.32150721159664314,0.10341670667062573,0.0568994249680915,0.062344245333423365,0
1.1691526312778096,1.7941248450607044,-0.004444404076316911,-1.9971709032895457,-1.2799121454188367,-1.6915376797182757,1
-0.22378638734881426,0.1517677756321708,-0.5570947911356711,0.14030195200833404,0.01659548654474989,0.0288423198464732,0
-1.3648106825318154,0.2425418435241881,1.8236878981478313,0.9863581672130766,-1.2098847031144895,-1.1615865804905494,1
-0.19876891985151945,0.22515729756896116,-0.3163853276851154,0.05630373632937695,-0.1255827372898685,0.033516788127765845,0
-0.04438835821093296,0.5984077346418407,-0.38342964511964545,-0.00681565026359384,0.10696646589982443,0.07214727349092384,0
0.13506134260744113,-0.027983172745640498,-0.2860729526102118,0.01049609781212257,0.11669966622044498,-0.009354422884985858,0
-1.6489606699813768,-1.1128492514246007,-0.10963566592921616,1.750210153181549,0.1998560655696783,0.0558832683990992,1
-1.4502505538944426,0.28295813424338745,-0.5628863190400566,2.053006198430573,-0.2481977863744155,-1.33866944471737,1
0.07981928214899152,0.04777283766894834,-0.390011112231804,0.14288953892408765,0.1517431683819218,0.07282746960104763,0
-2.175679107896721,4.505474254321667,2.9496843350159008,3.3277364807259757,0.45885492799151745,0.630165615842106,1
0.0030311056871020884,-0.003906801884224022,-0.4534653634327499,-0.0871713173090224,0.026359150761703004,-0.03221849246536781,0
-0.2522416721613358,-0.005733682101252641,-0.12055682955055062,0.02445566794180046,0.08422834353931152,0.13379388538932493,0
0.15913961397661178,0.2286503258340327,-0.05129598504077617,0.006469343713065709,-0.022075482693584447,-0.038320523726568086,0
0.1707710888559539,-0.08334721466213041,-0.44721506952476175,0.13139833039222124,0.005576206580639059,0.01635517589208176,0
-2.5620104586477925,1.744785794214004,2.0178200001116644,-0.6298792225168874,0.16193225061420297,1.6239559817242328,1
0.17063317432786662,-0.1448060582486858,-0.17656862433770576,0.018696532711686118,0.25724549493470983,0.08107269252101675,0
-1.4992357785968575,1.2954297454602155,-0.4524226319218455,1.454127064034929,-0.27875926019280556,1.1477060943610586,1
2.9789160512565545,0.11952401108509726,-0.18178068547097195,-0.6300290817324252,1.0297971018270209,2.2822454448605356,1
0.08622224111770455,-0.28631606073920646,-0.7529902907725947,0.0957997519443501,0.12322108108573922,0.004326477595841316,0
0.6741327860189988,-0.07862729490299507,0.09138945068086704,0.35808817726508374,0.06295045707508272,-0.6520150299879344,1
0.05095476049129002,0.19170521324498332,-0.4153482725999662,-0.15457937011819203,0.0782146926269279,-0.10646191254130341,0
-0.7931783578281472,-0.01150800411246486,0.9419565303029387,1.939044792802672,-0.5456591687025195,1.8577214115482874,1
1.2772002062152579,1.6788154745095358,2.8934940897962584,1.2059096730273562,-0.13924638156082364,0.5075621861311673,1
0.25412756043128737,2.336585351368384,-0.6056699953581564,-1.418819136515307,0.8089268144595141,-0.18370270997549368,1
1.0675409775589093,-2.82634243316163,-0.5093623585658961,0.9974338852430599,-0.14450954894263218,1.5787043326178616,1
-1.7805617904106936,-0.26036427560953096,2.0904949527482306,-1.8678711542328525,-1.2936866537274725,-2.401820500924976,1
0.0512344959481631,-0.22110818937187793,-0.32137412063560006,-0.03879768704387687,0.08460108238726843,0.14628981788039072,0
0.2658131925999002,0.20632265399266814,1.1199664713386503,0.5093425191622404,0.06835896266761385,1.4385024214206275,1
-0.35345082155615615,0.6675524814037241,0.5424588837261897,-3.926936054348657,-0.9074945541908771,0.3344691467152945,1
-0.3100738895686441,0.6006005121157523,-0.2136491309043778,-0.06636817906250987,-0.037182806603279946,-0.04910093537736483,0
-0.2189115697914521,-0.19053723209644602,-0.35046195450039086,-0.029990846724084873,-0.06577148609914986,0.1400786719163106,0
-0.47653700779326635,-1.7056561798226422,0.005063853279050183,0.43594593213283694,-0.90411475304029,-3.268276873088612,1
0.1869716153724893,0.04272184153828373,-0.6357881917538657,0.10976801149626986,-0.10023829720246111,0.06871472770998642,0
-0.07656747178343529,-0.9218866187422734,1.6539967912461644,1.4283549819161296,0.01591390122182757,-0.8488499883733795,1
2.977623846462449,0.6283300916974602,1.9405001469461365,0.9411560867023403,-2.6819045991425687,0.07230558852991394,1
0.04285561429624286,-1.411898063602746,1.5793319083738573,-0.7567843234266761,0.06124066244244723,-0.12701633761437842,1
0.0358438026696001,-0.24911057199203462,-0.6441610811959153,0.1499621535533278,0.0977587097332714,-0.16462865090035705,0
-0.027614921739154804,0.15840180141809534,-0.18238284675400435,0.15313918814967437,-0.006737848946798921,0.0032672163421626687,0
-0.2823655397612618,-0.6126369672537072,-0.7074032489488371,0.9582644955353641,1.5097289470855515,0.43549227486960096,1
0.13141657226328599,0.095158793944969,-0.35955019249045256,-0.06295545661435914,0.01307075234583147,0.05448590682714084,0
-1.5724146493934363,3.461139414525311,3.5895973177825216,-1.097451274621438,-0.49025656529021516,1.7171686112424898,1
-1.995582999860181,-1.059489395998455,-0.08788363424566169,-0.571201505731579,-2.9867967622132747,0.7032305979833191,1
-1.2876403595708008,-0.23250366267632366,1.4209117551005979,-0.1878049248410978,-0.35492505453165163,-0.8314189824663928,1
2.734391026741094,-1.1434618595066128,1.1798345115197395,0.9252312811443028,-1.1175604177775638,0.317388944572173,1
0.06486376480458882,0.19323958173306205,-0.4788768506431849,-0.06027574696147551,0.16636414647343378,-0.1291928521153355,0
-1.5528480461052057,-1.3327399831409388,0.5946066301694726,1.060073880947952,-0.3514224912739332,1.5119285528703204,1
-0.0052793153886024,0.02155439619773857,-0.32954260115478806,0.03692609018553624,0.08319329182978803,0.06849293769671334,0
-0.8877850545640885,-1.9134045116064533,-0.3315555971956916,-0.7113039344414268,-0.7169146482033354,0.7047890222869142,1
0.46406543336192996,0.16528828168152673,-0.5862408325011123,0.016018893528286154,-0.0013727802619197945,-0.01954494012842644,0
-0.046538083433804736,-0.16872062960779693,-0.3131958903670182,0.086592988174163,0.12016526359467587,-0.024808166720111123,0
0.06565267358777685,-0.10637707728516828,-0.6694358991924271,-0.04726575982084442,0.1356517771214536,-0.024700813981387525,0
2.308203306645649,0.9392382500871638,0.2810613358871332,1.9922400041150161,-1.0512215792706134,3.673114303384993,1
-0.18320440432726579,0.18208552253448645,-0.37629514425778726,0.03146793289651948,0.07710722313658974,0.03797902615576421,0
0.9943508370253786,0.8691642093925109,2.382914238417498,0.28155507204529306,-0.9747103352250873,-0.3214734884016205,1
1.4180719363392726,0.7260246066161525,-0.09755201842207305,0.9228855490757335,-1.0156428848828145,-0.28520759333310536,1
1.6754368018579682,-1.1164854535525843,-0.7232244134693727,0.8120169379440341,1.1489095361612638,-0.7941636903263128,1
0.20741906241928193,-0.13113141842365258,-0.7654797771943993,0.0765724406582738,0.08547876839445043,-0.027769803514762156,0
-0.005481748617013808,-1.5839507085337936,-0.23693831851181338,0.12628721021223538,-0.7042950402388265,-0.12568964595492813,1
0.6687165223912377,-2.808803116375546,1.6502511090035925,-0.9046247209112612,0.6600636952652573,1.188131873257208,1
-0.6922382317902505,0.47701148559822,-0.1460977365233305,0.27415627232108886,2.001046001039803,-0.8661343616438336,1
-1.055566588583856,0.8394704808063425,1.6024589268324112,-1.6854565144925115,0.2729369642887329,0.9881509698347816,1
1.385834572768579,-0.5808907429850088,-0.8816099406366257,-0.5565480014501303,-2.0925390727251467,-1.8101921422628955,1
-0.014473765835485729,-0.09281325028158369,-0.25684512926072894,0.017368836135904127,-0.10404387810033128,-0.011546605561863849,0
0.01670496749955587,0.09083984691555948,-0.7531389221609675,-0.13141500839636439,0.09572530479574891,0.14521271139260825,0
0.6353108223824109,0.48176510231331715,-2.9774076242542673,0.9683386259166343,1.5483600390306471,-1.3985044783783778,1
0.20502483996567575,0.8502882283000266,0.21678575859499344,2.3230290709632486,-0.17624859374478025,0.9896318861565797,1
-1.6675834853604454,-0.3731787464980109,1.2802870406965303,-0.8199132208898021,-1.6552214333703603,0.017826496663535828,1
-0.24423125905066245,0.23678757801644015,-0.16720357710721157,-0.20168598678862618,0.07547228846021262,-0.05654458808067012,0
-0.41061071917091185,-0.3560178609729034,-0.34890574449512474,-0.01368258992143221,-0.017835203457470715,-0.02111061667426076,0
0.021813288942211535,1.5170613716541266,0.9232325086616531,-1.6992123296986767,2.3524830270757797,0.9558988422490658,1
-0.9135856602775199,0.4671641872387419,-1.8493961100385126,-0.6460804771278228,0.06342146644468935,-1.9757810469100836,1
-1.6981443796921682,1.3452016138116065,0.0810316589862086,1.8863647449462493,-0.7798849439795403,0.8941246083576044,1
-0.18177252963127483,-0.08806999957235083,-0.7723752416166244,-0.0439302618120715,0.1428621755991222,-0.058480039731173834,0
-0.30409104478285215,0.1994071241360646,-0.06788245557421109,0.049478110100149464,0.11462723388003647,0.0022091560823430255,0
-0.004071350210486089,0.08458595438661307,-0.5355317063739492,0.07837448838869487,0.039129109918426594,0.14962144744169464,0
-0.14338529797713695,-0.043996719027706584,-0.34096075185892066,-0.037089156022337415,0.12363145975439647,0.0017809275111606289,0
-1.407196858830058,-2.744598371977358,-0.2568502460347593,-1.4448289878049478,-1.4784702151895484,1.403348356522458,1
0.18405875461825802,0.26968451234254137,-0.06332313293644606,0.15742559128503011,0.10206687520837203,0.09369259810110585,0
0.2770393986715736,0.39899907674070356,0.05289714827885272,0.05235729709366767,-0.04210227836065392,0.08558261899654229,0
0.7956399857980425,1.2387165540232608,0.32822125813742364,-2.258041355898627,-1.7913697572590208,0.0837403555743179,1
-0.1828253158867795,0.39280924935390416,-0.5488612719341903,-0.09047348372749847,0.08537835877993658,0.1823590711300524,0
-2.8260751772839043,-1.3998657088390842,2.0435833410965287,-2.340495274580378,1.5173109094779753,0.6393903242904577,1
-2.0508765291723563,0.6765975416222784,-0.4754725579763424,3.837504683209925,2.3686049240533036,-0.1649453779925002,1
-0.7679615823349255,0.6358111887807528,0.43421377508737613,-0.23837535341102656,0.15055649654807013,1.636635427274214,1
-0.32232963102926054,-0.08039761830545997,-0.433489922162735,-0.07883598923072564,0.0335624691452327,-0.16811763074782982,0
-0.28918291032729,1.8151433568932644,1.040353243090022,2.0276055301109146,0.21979852362044794,-0.7784687997154635,1
-3.3244230379653947,-0.40700127095004895,1.6374894832256732,1.2987475707959721,0.04939540719536646,-0.5025122084382195,1
0.17815141725268677,0.3690348219374073,-0.1149111053571954,0.1488801923849749,0.06105429774222447,0.16840381619985767,0
-0.7004887254901301,-0.045139847829284256,-2.345791301773221,1.8052555636975185,-1.655487112527735,-1.4631109677183136,1
0.035538369535241726,0.17293825734574036,-0.7610251475899482,0.019835062581890786,0.057425882854404,0.049778503819387185,0
0.18520149678061446,-0.1096488725348483,-0.29873576050440864,-0.09480821590794891,0.10181975273149346,-0.0716947938660153,0
0.44826002333320586,0.2832942218137496,-0.29942160644378363,-0.16304295820793888,0.1345174711557357,-0.0391017275206063,0
0.09302265440184751,-2.0891374586693345,-0.4184350791025329,1.5319558028480904,0.25553324140558437,-1.0738475932420284,1
-2.030196220787806,-0.6912246813605759,-0.9622664441794528,-1.6396719775646442,-0.32630615070421576,-0.14000407459318914,1
-0.006376058015118916,-0.15442424317188644,-0.534315868577402,0.12979446657602736,0.007178295223764198,-0.0390245997519631,0
1.7758994007293756,0.6864807440045015,0.4053473862511887,1.0964000239142555,1.167043795166312,-1.7384247136817506,1
-2.387364698437762,1.5088783073681247,-0.890700305200623,-0.8437812342189207,-2.578347395203381,-0.7256977238174687,1
-1.265352660261798,-0.030828921168491508,0.5079828371066035,-0.29527714372688263,2.3759362256062913,-1.6433029765882798,1
-1.5167553168465002,1.6802315260943386,-0.025429557947294155,1.0071705832035174,1.1832122041522526,-0.6371544718137183,1
-0.2196226583350046,-0.17174931686096334,1.4672421979332726,3.2655965108087255,1.3274839675580563,-2.407620767108393,1
-2.660018490030996,-1.1044638275158492,2.2985356382809043,-0.06045436324575821,0.7683575622216643,0.07973423565614748,1
-0.15039135892880917,-0.13959820953364063,-0.09314037487246563,0.033795711965664804,0.008279275078599133,-0.0015433466224206843,0
-2.034434679123041,-0.0251293882641174,2.12272558884334,-1.1662868307559013,1.5997282245683644,-1.4844247297202555,1
-0.11564930214487573,0.5582046287983514,0.03378265456909867,0.014215898254445462,-0.1660330816754441,0.12489782424782754,0
-0.6046161739597511,0.551176858339559,0.18785572786720417,-0.7770649040528368,-0.09188444561435004,0.031536515325575935,1
-0.2642473669665104,0.13954817767391245,-0.2702075976600796,0.02824728501626967,0.08280177157023642,-0.07181559142498613,0
0.7890821214225401,-0.7706354595904961,1.9343760265263752,1.542883101919097,-1.34867019778298,-0.03954384751542885,1
1.3734878677831448,1.6830255431524694,-0.05404573617738607,-0.014222691977604968,-2.235564398361196,0.5489365431970775,1
0.15326841638530006,-0.033952724576091865,-0.1283422249442288,0.15932774514534612,0.11397376851714001,-0.023608803626737146,0
-0.1722438984584107,0.4999130297607224,0.365207455651914,0.5949638506688719,-1.0625742259295385,0.17477491427548983,1
-0.1335671618000093,-0.020113839588308268,-0.3308215917573493,0.00564236845222504,-0.06289328483322987,0.0012003036283605266,0
0.20324094645517116,0.10467318152539092,1.632581550620701,-0.1625396817198589,1.608336516467526,0.06872043855430386,1
0.05802364367489148,0.02144594761624674,0.16427168864555444,0.9382780651899069,-1.080056785881046,0.7195260251569356,1
-0.08657797556379032,0.1792700232682753,-0.4829577114200931,-0.05127767492460894,0.08195580901781864,0.06207015002197219,0
-0.10416118675886232,0.025192510572929396,-0.37321105454743597,-0.007960292340666841,-0.02818912003229182,0.0677965607152584,0
0.011726890335088022,0.040963350533262076,-0.4065191228484485,-0.03768935543424869,0.16798258165184504,0.10698944230125963,0
-0.7718080464478309,1.248502122359439,-1.5628904028012962,-2.5217189506440083,-0.2046854437659021,1.675024488929625,1
1.1964637786110714,-0.24233362061587335,1.4223957454764098,1.2161037307726899,-0.7345033036440367,-0.29782883517021885,1
2.1616527695105208,2.8612206978980668,2.292687810616058,2.280944361969917,0.3975282618312095,-0.26733403115941273,1
-0.03759366967036974,0.13167707997016934,-0.17599318548663623,-0.03306721104751282,-0.06654446607522885,-0.0311240632027748,0
-0.2910495373102852,0.024260858270982903,-0.7279001539035304,0.09446955063337356,-0.03410145527516054,-0.09708365612578063,0
-0.3118027695377037,0.21057571810233935,-0.1998548449063306,-0.007025525409401272,0.07420884086306441,-0.13684961114589356,0
0.16547357851079134,-0.1616894067528546,-0.2784398627343151,0.09182716125722273,-0.0330759429642564,0.1266802289008311,0
0.04119683286052954,-0.13026037031162602,0.08632196893150985,-0.04427306733898867,0.1014425663338416,-3.934326773487568e-05,0
-0.13848305271455216,-0.3447171491468738,-0.8822899194945449,0.12527698228841452,0.16823129730605665,0.03690835135456788,0
-1.1133257008765747,0.7213852943012397,2.9654998328671835,0.30150956162568454,-0.5764203384706271,-2.9615795995825973,1
-0.12338503567610877,0.16757950558824894,-0.13666801931285702,0.10057742655317212,0.08529021063582772,0.11747219424036283,0
0.9099817343713082,-0.531280048060271,-1.9798571853530749,2.4380671701464114,1.127214340957516,0.6874279645987886,1
-0.050359965754596114,0.11446712116102804,-0.49152050999429453,0.026278422625321884,0.04042045799544207,0.05300762333461201,0
-0.8080055168170844,1.7318858777649682,0.8269506177052818,-0.27688108929885186,-0.8703762043815527,1.0636781151303543,1
-0.37378264573573183,0.19019319566463258,-0.47323577952808604,-2.7980284156273214,3.6926552496142184,2.4079737341092238,1
-0.7813589788548168,-0.4669104675683485,1.062238702525172,1.6507634059881795,-0.7356976079947048,-1.8448040948106865,1
0.84581205502631,-0.7251544596105041,1.7447348569272851,1.1159545900773984,1.0818671483198052,-2.1714396695784406,1
0.5957800366363908,-0.9665069446444919,1.1604996761424637,-0.3847002727027786,-2.943491622415098,-1.224498845573238,1
-0.053621224723552595,0.12337865197640364,-0.34096408851773513,-0.05436796431036101,0.11389394656140864,-0.01994172745577551,0
0.5362664712298882,-0.22174364913762712,-0.30865116377010965,0.0020988582537438743,-0.049714667772357245,0.021039654382550902,0
-0.30468102945206943,0.16822609794240284,-0.28767606083397473,-0.05583570168621496,0.07094056182428009,0.0084815274820589,0
-2.1913906847359375,0.4799793613609547,-0.22960571033012486,0.011108813248219647,1.1203206919658217,0.04917184002233791,1
1.0157555627769324,1.1668477656981675,-0.7186795256914531,-1.4573167378557732,-1.3909424663869454,3.8369827464070894,1
-0.5480419056313194,0.5034162084090233,-0.38825043278996574,0.058281563333359473,-1.5820703583542322,1.8235385390149823,1
0.07342373195792186,0.2954505848978695,-0.8823981077381724,0.037154384011356865,0.1897242709456391,0.14986544291659837,0
0.40854370721191835,3.0854354721417936,0.6463391772394834,-1.1059878876931448,-1.5851139604430808,-0.8855566033670579,1
1.4897333815084914,-1.3630766266541134,-0.4929258265527667,1.0360229100313927,0.4413586553618499,-0.8556376641075198,1
-0.19378442111455388,-0.09444387931308158,-0.1942123051692305,-0.005303337523690577,0.11142034647497877,0.049805222175620334,0
-0.04783460613342356,0.13539365043874874,-0.3318480347977834,-0.1539995102481228,0.19668448861533214,0.07182939591686614,0
2.354346942720482,-0.39085135138768373,0.12456368800685247,-0.8994923602833297,1.148984340415379,-0.7771681038517758,1
0.2892975757378382,-1.2258931288248138,-0.7437512360588587,0.9347061606293547,0.2553291990332934,0.10044277239227495,1
-0.18520557094089837,2.651713726458751,0.9367894361104988,0.5039072512985111,1.031568293226702,2.339612485021143,1
1.672943600394776,0.3911312399385106,-1.3915765317075337,-0.1504456908307027,-2.111487212744748,0.42343219752303357,1
0.012934305049136785,0.019635947814178545,-0.37441320218319146,-0.028425840289861583,0.10026851912635615,0.0163754233312102,0
-0.33355357279310516,0.13875696102706778,-0.6257360295613024,-0.013626858010847972,0.0932786614100417,0.0733018218509269,0
-0.5398026313270186,0.7716598507698892,1.051304647982428,-0.10608163983778823,-0.8735094225629719,0.113953510194878,1
-0.1791074338734569,0.07849631009178168,-0.33328683613192367,0.046101675510472166,-0.009115327613877507,0.11416662996617336,0
1.5595720022802018,0.2786059704084331,0.765921674067509,1.9180479946115443,-0.8510183233672804,1.9026611057994092,1
-1.6821786519331847,1.1296678609882829,-1.4942083526088017,0.41315894982650264,0.48311492511232584,-0.7539387682429148,1
-0.05351845420520615,-3.154746514798252,0.5480808295680395,0.035739496528356736,1.4181250515192665,-0.04933891910245321,1
0.2936997632360066,0.07042336637724304,-0.6264441694776219,0.14770133908916738,-0.04987376737925701,0.16720871566406176,0
0.3149683828035249,-0.2800368789673612,-0.7131400021067639,-0.01789373316128938,0.05475720306246629,-0.15462024044441894,0
0.2462535564053785,-0.13145586338366347,-0.9957512811439116,1.3398712568219124,3.0150126490574474,-0.3581825870713638,1
1.9700328756388912,-0.7218902812935377,0.8010682513286894,-0.41581695535925567,0.638438372455668,0.8201569380791492,1
1.10228402807762,0.5989968215866676,0.45846722850448596,-0.3366171377621557,3.3135938258267608,-0.21632029694366542,1
-0.10551729544981399,0.07596992356107725,-0.4561383578547541,-0.07238373706309979,-0.017999814857751612,0.18729413398528708,0
0.1755479821015228,0.08186959436596673,-0.2951951345804703,0.08674940497923965,0.08511564034041741,-0.005532701017984125,0
-1.2910281940671016,-0.13375950071499382,2.0026852623940146,-1.2062552104936797,-0.27681755324912777,0.25955217101731637,1
0.06175298218969896,0.6277134388340111,-0.060373574002256784,0.038256294309548564,-0.07290451494908491,-0.033951598374126785,0
-0.49406327807265016,-1.1009603246860014,-0.4336681991219717,0.8751444599963601,-0.7207538190813148,1.5457310960367932,1
0.14772454501523402,-0.2728868619827916,-0.27874198042565745,0.07302461823971024,0.10726918529139996,-0.06781473401293941,0
2.3685626325890787,-1.9983643507182745,0.7128349885405922,0.3324520899957983,-0.05724346001818588,-1.208601574734162,1
1.154004798013981,-1.0408135627626085,-1.228511231728063,0.9059665460038065,-1.6851397207656238,0.9639615564212741,1
0.20548464447345796,0.17237642444208967,-0.409076401561124,-0.03229388442956685,0.12039385516918845,-0.010917651620721018,0
-0.053522792424661424,-0.07514059488958628,-0.33078530394745714,-0.03050379551322608,0.059546191201131894,-0.04810026342909191,0
-0.12909027866138592,-0.15913759033121924,1.8187631220227845,-1.1808730766528055,-1.0615053030277282,-2.315824294959104,1
0.10808873033011736,-0.10676244922212826,-0.5419908445260005,0.014943032730235933,0.21803728767610606,0.025264259799605986,0
0.6828210141616617,1.2596453138601,0.8315394207721009,2.1411726078037803,0.1943490821556946,0.16062151709959788,1
1.572314849216101,0.7294754008445353,3.3568050772724627,-0.6688555080961999,-0.04291320129358702,-0.986104094752731,1
-0.12846966256618633,0.29134862371002956,-0.5791863431160101,0.007603832037914929,0.13343263272308425,0.05392653290247279,0
0.03514202985420917,-0.2227122873550217,-0.5153950391856508,0.16277886419073911,0.0035821775296444617,-0.08466700450552941,0
-0.0489989102850105,-0.08521589632892514,-0.4646886103190585,0.0459607929657561,0.005134577552097793,-0.023928597151189467,0
-0.6367203056439461,-1.8549697544809762,-0.25267715364947635,-0.6215133066785578,-1.9452821316218138,-0.41121840600710285,1
0.21010851814748824,-0.12405594288763107,-0.5977674844790491,0.029637573691563727,0.036464811239134746,0.01617076367186812,0
0.6572829770174166,-1.2971661652625601,-2.1444400473890757,1.8860010047059161,-0.458970251229755,-1.6368844723629783,1
0.04667031959778882,0.10238017410035341,-0.4219217220359211,0.09853553314805691,-0.0077907484854899236,-0.04921266906667448,0
-0.06816525181031123,0.367792560473695,-0.42434831541987433,-0.030839748883390562,0.05406833626117756,-0.0044553589417359795,0
0.13534194678085837,0.043563545591872026,-0.3463333540461799,0.010709924472657752,-0.09474044378951885,0.0470131554375069,0
-0.2112596245376579,0.13443813697567922,-0.49675773457328837,-0.11096067399421314,0.194929657633459,0.12901677513480717,0
-0.4313474615070146,-2.29084046478613,1.050813612798925,-2.908402718535598,-0.5507863076635447,0.7480621236207087,1
0.02236090767812165,1.5756449756873447,-1.479235384077965,-0.06273715962343397,-1.4501055630085313,-0.5804394139909718,1
-0.07726357088562144,0.2364387826713154,0.03630081782185567,-0.047242906947145294,-0.037801914673035425,-0.03205424325575744,0
0.10114658211441807,-0.018461880631306105,-0.6287991655721368,-0.03149295043263646,-0.08762798205804545,0.061211151573512076,0
1.9011673974243317,-1.4753631720450398,-0.8822545316277152,-1.7205550329778285,-1.5362730625968664,0.5084129039055251,1
-0.6099570532817469,-3.3988144756380483,-1.313120195158093,1.5017502415326431,-1.016913553986361,-0.8720870824945373,1
-1.1310812347307875,-0.8276620200019155,0.4964130795823519,-1.870584657553294,-0.6117528117444601,0.7419008340691917,1
-0.2073861040362473,0.1759027961870984,-0.4072164762533146,-0.012094190311265997,0.08283808817384951,0.10982848331510146,0
1.5182800539846233,0.9834562089676058,1.4475259395064317,-0.1307618723279303,-2.94327058175669,2.771854911176433,1
0.6609626594705722,1.9568080909526666,-0.633464582903025,-2.337484794054177,0.3850188467507842,-2.100881841611653,1
0.045001148316951775,-0.1879577435524499,-0.7126855732310671,-0.021479114730569567,0.11144315211004628,0.16385827970309103,0
0.5563431286116991,-0.44062041052537954,2.168365122459503,0.8250974707917695,1.372162752409316,0.8917380349101512,1
-0.10365564839114964,0.09884152863607128,-0.1306813500110965,-0.09029656241078966,-0.10413221973956753,0.06227485750188214,0
0.748600071528162,1.527625655172553,2.299848723014001,0.6887262413437513,0.10664674153274259,-0.4898336927814517,1
0.030555899586893833,0.46083446581926285,-0.35118597028990756,0.0331909756358981,-0.027808930948492405,-0.02060263311364533,0
-0.11939585240599676,0.8585820741829943,0.22110297801582462,-2.13798317717215,0.6674611610166382,-0.9787389524534201,1
0.5647647024586607,-1.0807698141648492,-1.4368696785931518,0.8944842554015967,1.3462557434077234,1.0489591307787214,1
0.07669202071534427,0.04095977851650423,-0.42617024477677884,0.07784080923134733,0.12715357766429042,0.02481874314335915,0
-0.9894601668527303,0.13714507998635755,1.1756760878185308,-1.3288391227211875,2.63129163777911,0.04875211445558088,1
2.4741601058702303,0.10727687094517033,1.151147543882646,0.582761563424884,-0.4343813808786529,-1.8453793765321773,1
0.2555596770011177,0.3541488748261141,-0.4951308410841448,0.001184696978153797,0.0328726738202726,0.064504062670323,0
-0.6711518237106442,-2.487193927513238,2.614270040424391,-0.0649381069647028,1.8929563466162844,-0.22056022483286472,1
0.6210522037112306,1.6512712955495914,1.8836426982729848,0.3440860299929555,0.027166419332678837,-2.2404530816635795,1
0.17853775474972833,-0.14189914556955405,-0.47679775840395294,-0.019134486741641105,0.22820379620877726,-0.14411686909131682,0
1.1701284599196549,0.4015708818416977,-0.39353968876348033,-1.311347535040231,0.34788489743219764,-0.650716310606237,1
0.012437114941818112,-0.11544457722264052,-0.4212828102894894,-0.010811108636087634,0.16268400778764833,0.052617229079364974,0
0.1424485608019582,-0.26993785466748094,-0.4490305384545157,0.001641300417530464,-0.020533988201129363,-0.03327029424190235,0
-0.10159505056287703,-2.5923571402795678,-0.155317156480652,-0.1634808890330524,0.2551649809091104,-2.032167480804372,1
0.18343969678482724,-0.25648107254090025,-0.23440420073346685,0.06716482111941328,-0.0322828425099751,-0.05665212683154773,0
-1.9891864025570423,1.3573153096663662,-0.7517523683428333,1.1092252985538373,1.1099350358692872,0.06413225712815845,1
0.6423862012545116,-0.7295609442938327,1.170217634786099,-0.5356922455798934,-1.6679381362300514,-0.07327053531648699,1
-0.0068983008412740075,-0.06305407508657196,-0.29980847669374416,-0.14774347015477513,0.21976561407779546,0.013530083016927902,0
0.24749209553115595,-0.2360137625293673,-0.4781542663514128,-1.9197206574878711,-1.4438592672726185,1.5327523784237063,1
-0.01860591230988224,0.38030314513625185,-0.0014591844462981665,-0.01305786343306886,0.09459414130700286,0.12922967224744147,0
-0.18359012245151135,0.25221096458429587,-0.5607057791521076,0.17397720973510133,0.1349336586535367,0.03711165327008748,0
1.8164462681599125,-1.409618404158083,1.906499245876822,-3.0766340720492877,1.6209930107472257,0.6785471670479062,1
-0.12527380680484373,0.21020887019673615,-0.3731436581654764,-0.0017147474044259578,0.02294976713183719,0.04927356702305361,0
-1.5154036953588048,-0.5860231831303405,0.936434562567826,-0.6523054920326199,-0.02616249948867151,1.7013090393011854,1
-0.018252350185831972,-0.04934934952322673,-0.46465996665783604,0.026329703892691087,0.01640334554439558,-0.10806016191645926,0
0.05244283192102052,0.4613509056688606,-0.6307278376660179,0.059200086774292296,0.02456526492056131,-0.05505281742811002,0
-1.1582160271965105,0.17926007424674245,-0.5495045807304526,-2.0717275488286755,-0.5528776411089984,0.7921730879803316,1
-0.490779546728316,1.3225119854304175,-3.3714703664909096,0.1843849969493129,-1.1770166784801324,-0.12021077790895691,1
-0.06770688025226114,0.21376253577750037,-0.5087309401445533,0.11001649353110521,0.14859141650745233,0.10575638482264048,0
-0.147029519446089,0.4192135286597349,-0.29277528934220987,0.09139311881168798,0.003784084045894264,0.15281011247354595,0
1.7638074092376452,2.1422450985008763,-2.3615416360774155,-3.0361034415227777,-0.8473365568818901,-1.0538139959333617,1
-0.15972400286179647,-0.14628062352891244,-0.22462127703885953,0.049572002152183124,0.14114360543739726,0.05814563818704581,0
-0.27279074486576377,-0.5826220952636039,-0.6534437736786146,-0.007394448442584998,-0.10353391527226329,-0.009692239300738837,0
0.07239776230394752,0.1708316204191119,-0.13407149287033374,-0.06145496549297818,0.01966204071571945,-0.022841556533349978,0
0.4100915624854608,-0.1409742149274825,-0.2832908915961377,0.01951291345503226,-0.0405847301554066,-0.02946914761316913,0
0.07575552369283585,-0.05864280046124952,-0.4916516668240602,0.10861803618548777,0.09441609573955563,0.05444749211000594,0
0.11122841614106836,0.08333208999930761,-0.4193238625135812,-0.00280568910080811,-0.052158270360127185,-0.023260879581189227,0
-0.18210883439399564,0.02537035493013705,-0.38123021688080305,-0.0023044584145240103,0.10319140874406205,0.04655023100000235,0
-0.27297983310082147,0.1769536476143773,-0.2088014571611308,0.07486978605783473,-0.04782498522254523,-0.06639095348237607,0
-0.05598288892675498,-0.572077090009141,-0.2871936429840498,0.08186676595178233,0.019336712037132577,0.06822168438320919,0
0.31813997570158586,-0.34665643112797545,-0.30277012503482853,0.11490565079098465,0.0457604053529319,0.03638359355731236,0
-0.11203865162457957,0.09373487735106434,-0.3228677979451426,0.06905515504940903,-0.0693581033661182,-0.031236517124002064,0
0.005382360946287149,0.34197570535003474,-0.6811715555880373,0.03365934979392264,0.1071334899982389,-0.029793791090960045,0
-0.2578627393269168,0.20340544861827595,-0.4284873090046812,-0.05643395891931093,-0.0490100945484999,0.028513252911033477,0
-0.1906502416796412,-0.11989079963298324,-0.3760371095215862,0.07037512049744359,0.17014257322201648,0.0036731690476318993,0
0.7278230081474755,-0.6546919125942126,-1.2392767813809327,-0.2886090816179556,1.0943692257466373,-0.6317288711660094,1
0.5788536075578331,0.40438610361637156,0.03243846749258809,-4.040785926624671,0.11261331651392993,0.9767213471460539,1
-0.03255997570503532,0.4752359388275009,-0.21574701419996278,-0.03901140799597981,0.027382066436061264,0.10333539090087751,0
0.04448406843245888,-0.2115410850397401,-0.5462546777358858,0.08453108352164224,0.2223402850839979,0.018271490635666156,0
-0.1859355732563713,0.6170511851486963,-0.26918000992794494,0.09265626716549301,-0.046260287501169874,-0.16738661566394553,0
-0.10392744936218055,-1.878893970238353,-1.7270632129312442,4.284458704493713,-1.7462962136154823,-0.8369631786678331,1
-1.0731368220488169,-2.9893732083100675,-0.354860838691524,-1.0635939282701392,1.9834802535810252,-0.9745373747169267,1
0.40562855657966407,0.03992883965965679,-0.5650504332262521,0.0234898272063834,0.006646208520794654,-0.07060319006869371,0
2.505293755564941,0.2366171221299645,1.1925405526065664,0.6667051124797586,-0.3291800098143647,-0.23568378426758704,1
-1.6257282934329624,0.04662131692181355,1.2211990862448876,-0.429276660877925,0.23792110231085623,1.3863717328585714,1
0.44113040580552326,-0.294889049846167,0.26605673087248655,0.37608573010144475,-1.2802516629912164,0.21003804266268386,1
-0.2571929523196609,-1.3216354564140664,0.22157398488620653,1.6013768887436073,2.4470996543068395,-0.20588118992938942,1
-0.043946179728961074,0.18390232885872934,-0.15429504836475,-0.06773170520784264,0.0152250683152592,-0.08325325776390471,0
-1.6486816201735517,-0.18285955612236302,0.08564118573843166,0.056116600148567064,1.7699865340191818,1.9290995144234961,1
-0.2335994794646982,-0.2413853400555665,-0.2758356253111103,-0.003960258045391702,0.0858102346618771,-0.05597568000443017,0
-0.21785978926096997,-0.2506916787594899,-0.3638646752697622,-0.06980373942483198,0.034334273250185336,0.06099191648092306,0
0.19437184690353213,0.027645898833759446,-0.21695061548829828,-0.01885078866663441,0.07798324806831675,0.06998020993048484,0
-0.21544490641183525,-0.09501411523193015,-0.9573395942948698,0.1232503072454789,-0.05953710614378868,-0.07766677593531651,0
-0.016033065470081084,-0.01867101768086329,-0.3491196641225746,-0.14512866248468453,-0.041984439706372056,0.1234139968996551,0
0.04740662230218092,-0.04038453366087547,-0.48045552349419773,0.010962467274079029,0.0551835216647738,0.17435242643319368,0
0.18604724457988414,-0.5092455302566385,0.03358344679750023,-1.4916881334233993,-0.9859448258157396,2.1024162635606003,1
-0.9669847097045058,-0.21329359830939132,0.9585976611790363,1.0132979769714028,-0.6987479427893176,0.7726124099051936,1
0.4418249279794659,-1.876579919682632,-0.013506209546461418,0.7134134779422752,-0.25974565233215785,0.42042039219952987,1
-0.12517095326492078,1.7189321587259494,0.5663710625234868,-1.6405848896732216,2.3391698071119116,0.20472308310112075,1
2.2312286289621377,1.844547316966663,-0.37883579159046493,-0.40688344833807266,-0.2755680293185419,-0.6985623766273217,1
-2.142425450758511,0.5384885461421561,0.25479929738058393,3.0033440649973113,0.02474326821398888,-1.0669657208684427,1
0.10989920853257953,-0.15987354195226117,-0.4585342526515878,0.016340596816473898,0.17093680824269952,0.016226792522913026,0
-0.1261506480116633,0.007842390227949159,-0.5793721678935835,0.12011513867913998,0.14054052894604455,0.08051516978265587,0
0.5696351115380974,2.2617766988076577,0.3742973968924889,0.9044807590597975,-1.1843599537634772,-1.185772597951507,1
0.1319611074404131,-0.11860658437981503,-0.054333184762881945,-0.008279809696685913,-0.02823957817218758,0.05135272639800359,0
-0.07259999816383521,-0.1925465294890766,-0.481518124878623,0.018287408527166746,0.04484720745121409,0.15887215594597323,0
-1.1328104184492893,-0.1704006573948584,3.2570828290351024,0.3966734430109865,-0.8816663310669426,-1.6434503221949066,1
-1.835230237567428,-2.3713850633817457,0.7951477790850316,-1.2912439414696726,-0.3014765880738646,0.37116278105468437,1
-0.5426059030399176,0.4654166739930707,1.6416442969083769,-1.296617438890906,0.4625552741990254,1.1713750960813951,1
1.4022233394091945,0.03767079028701747,1.6885718257289772,1.831585892769179,0.15272634355501627,1.3323918897574467,1
0.2508959791340077,0.39948568373305626,-0.6194531274310546,-0.08584202842944508,-0.05776112171539563,0.12686700241715357,0
0.01243498892070091,0.08130354584784584,-0.30601882882408715,-0.03214200400397738,-0.07886495240578573,0.1310024552957009,0
-0.2222965448362794,-0.06558171944338821,-0.4020438574364016,0.023506649656131955,0.039869967307020825,0.017165679552057608,0
-2.505211952481681,1.6635665322230184,-0.5851518841796917,-1.3234578261679304,-0.5691021388119165,0.9714665869199947,1
-0.28001747534430543,-1.1830778699414088,0.7782653551511055,-0.8952967279383234,2.0012581991186487,2.645372784133209,1
0.019029033861352195,0.1879675367094226,-0.5120158911238576,-0.08589130295461443,-0.059992537542156374,0.06674560483842065,0
0.5987501096964242,-0.9608756805703011,1.305544050674616,0.19046563555525642,-2.558616122064903,-0.3850045037290765,1
-0.7311589887139524,0.9193511177201752,2.4370927377385128,-1.3885228717754285,1.0606038989745066,0.12368649452104029,1
-0.01918660880811812,-0.041969814147858935,-0.3934396871928248,-0.02516514151120276,0.011621574532124434,0.043579748388057234,0
2.169427472534436,1.2694881475213817,-0.8142713700598421,-0.13818654693097987,1.2151941807084248,-0.18632054727055078,1
2.2223183816220784,-0.9714049794004576,2.0815493858657894,-0.43407308141523554,-0.012252771013263275,-1.07607905819783,1
-0.18974793955548652,-0.222561844529663,-0.11452239374190373,0.006757624432440761,0.008241860452161976,-0.003911849976152557,0
0.20129881827581322,-0.057859461134859576,-0.5614709523066506,0.04076466355923858,-0.033270937171616395,0.06672971061885509,0
-0.26926889222752654,0.04761523148398715,-0.07510744487115333,-0.12964077384948064,0.288441694544844,-0.0033245805580306414,0
1.3449919133279764,-1.1900628033782483,0.7941558122591018,0.6694262167382206,2.4631518752184784,-2.005405793317579,1
0.11001258385836989,0.4397262036024818,-0.5595818080136551,0.17386354486868089,0.0723394509742391,0.02360842389284659,0
-0.042922950296443683,0.5133549389137366,-1.0329571058555453,-0.056036241061918256,0.028024507079744555,0.028824940085550452,0
-0.4667236823240674,-0.0756720287733672,0.051230721503825065,-0.09834405206407255,0.07127644749289315,-0.0296481854047908,0
0.1065605691692966,-0.1466025965532698,-0.045279107206103134,-0.009806857417772518,-0.00891311296782257,0.06029246371198024,0
-0.93670214310392,2.8505609804069554,2.3881012558010473,1.7888503661304083,-1.022063515768127,-0.4261408854694522,1
-1.692479879712995,-0.4447718572620489,0.0943525224889159,1.3743937564115487,0.5320053519475839,1.7028752247672936,1
-0.009476906039661285,0.23709362123930852,-0.16185218249567976,-0.025155624359518722,0.16455333525074392,-0.01779657450842156,0
-0.31330774909636383,-0.22929368650248935,-0.21402362204755498,0.05342042181857185,0.11764224349218794,-0.05946774217923328,0
0.36992948397789077,-0.8203884405486421,-1.2477814236364222,-0.10358357824673832,4.262602204040472,-0.5835613952527937,1
-0.18070724629162466,-0.4394333717844087,-0.35510639343503264,-0.022999649206352772,0.03354568315352972,0.070731543686365,0
-0.3189556869559174,0.10313878088396786,-0.9691467688910327,0.11878559534438553,-0.002670194972315423,-0.028128560411979704,0
0.037070676657329174,-0.4134335135830906,-1.4277375316919179,0.4140153763607367,0.9882622257699224,-0.903090661571845,1
-0.4206720353509737,-0.17169611526019316,-0.5652751333900323,-0.15324948741279285,-0.04411586270780345,6.39972319426284e-05,0
0.1263090454278192,0.14218266307664676,-0.305985134696703,-0.056465690003446034,0.01776190858513594,-0.0878426154478378,0
1.7432748010971026,-1.1352453396559596,1.0041026702609879,0.9334544980823888,-2.7714886990735867,-1.996707668220948,1
-0.5120348503105486,-1.5807906098598654,0.12341098115616163,1.5989666216628577,-1.735171967812771,-0.8046666868373556,1
-0.15873121038718732,-0.08722829516521124,-0.20724707620613703,0.04075787246985777,-0.12741220763201763,-0.041098684599874064,0
0.47214093260863904,-2.675724565615066,1.488141818201065,0.9153360870966228,-1.184535700882614,-0.4660976506580148,1
0.38369325673517163,-0.1037078671604895,-0.3653736748541651,0.025324152469617178,0.023372771686507695,0.05420805512832187,0
-0.5942107730079863,1.7998128323802953,-0.13578179850169775,0.49291407104870466,0.2637701966113976,-1.6529363187072244,1
1.8586662903168054,0.8444234128927258,1.1979011615708384,-0.36022461410577533,2.3038065431986765,-2.1743596481054723,1
0.25100196131037306,0.029207981661030943,-0.7169673303328681,-0.17542385179860537,0.08515866752946333,0.07201503954083638,0
0.014069953690459153,-0.9480476588770649,-1.8565927533237294,0.7298814790308343,-0.10632156997781143,0.47867784044192924,1
-0.37477730982464746,0.09271983396878339,-0.30967061146186037,0.10315943169980989,0.0011118101808373774,-0.11683359515835041,0
0.17075034017121604,-2.5670682654063213,1.0797402856794172,1.564159755618668,0.3990996220762654,1.6748990785227607,1
-0.018073319291883556,-0.43133444758260026,-0.6964154479799364,0.014677146495375713,-0.1788547976893573,-0.06248777536055595,0
1.2460255485037177,-0.4305557216054329,0.4642932730616587,0.735929017845908,0.7300278706264677,2.8378321120303456,1
-0.2733848171488684,-0.18423451874586713,-0.3582478767493968,1.073628884545735,0.5914671576691638,1.30827258161902,1
-0.22912480087898252,0.4495766213507042,0.03048095802015571,0.00655564174040462,0.01529673287843671,0.0433526514413655,0
-0.287553911699845,0.46081831429356035,-0.3294419265402026,0.06284245964964477,-0.004839923142705652,0.04895082854974807,0
-0.2714599381807897,-0.2606906836258409,-0.2641451066981137,-0.08385610470003158,-0.09154436482691466,0.055187773839582364,0
0.0591115249541836,0.020616048149830504,-0.6549796841830511,0.036579280882677145,-0.013337810200195104,-0.016920637150003272,0
-0.1790647271629902,0.3096497160708525,-0.020523274477266644,-0.06113071547826735,0.06376988318231441,0.005773816816002793,0
-0.2852660006781794,1.4171711134813334,0.3652500361900391,0.02995720008832796,1.8968147564114977,2.572682590108095,1
-0.001181561327844365,0.04333129224614913,-0.15920329427167693,0.11074475443816398,-0.008768639027432462,-0.026521502760935428,0
-0.3111321527506645,0.20928931026122194,-0.32414038146474566,0.16988674330252884,-0.07102521969686104,-0.05029513259219633,0
-0.1701107404120447,0.44885810990284514,-0.46134417786332754,0.13007399387453755,0.1705800932396339,-0.05521553662622555,0
0.3208174385361352,0.18205108547137983,-0.4856690386465,-0.07936500182739716,-0.08941660362744228,0.017105209616745894,0
-0.13119431622447383,0.09909920354743447,-0.4173228552818599,-0.005048505326519177,0.04804233531064457,-0.013279703809256693,0
-1.0159926349755668,-0.6860849695045309,1.1790005740959797,1.9639330290446577,1.7085204271384642,1.3369985032036547,1
0.16362257203735636,0.2901080996119381,-0.1457668660252495,0.0009962046584364023,0.06427306829893537,-0.15571780478925473,0
0.17533286858296288,0.31259403506417066,-0.49450694670488426,0.07285382065586112,0.06422669528945109,-0.05400503644409106,0
-0.6967675395962906,1.6827904118648704,0.9508817223226029,0.3136011476248517,-1.8884221078437993,1.030687810170382,1
2.3352429301075004,-0.1811944863656376,1.2625229990011746,-0.04379714875711566,0.765668307139148,-0.5535636357099536,1
-0.5214280878436891,-1.7534949784532152,0.22896397969743296,0.919607005656128,-0.5692896303666686,1.0686944537941243,1
0.1774175774088118,-0.021826736084253902,-0.11619647377659711,-0.07793027756149004,-0.03251582115515425,0.09320274737284508,0
0.20360727641593082,2.0361035146064226,1.5322246281956018,2.7118986233958684,-2.3935466077372234,2.277491481622634,1
-1.8206282906724554,1.4169051343972738,-1.2271383369014615,-0.004821318423103106,1.195515567971819,1.3815834413344747,1
-1.5890606226051025,0.5821405538865699,-1.4518797182793597,-0.7031353227863563,-1.979283753870757,0.1474379978057491,1
-0.09854503335735529,-0.10725585722995214,-0.5753121019183152,0.01955933392066286,-0.004948247273563988,-0.022012591635463694,0
-0.088063623756507,0.2750055781505565,-0.2573297814726626,-0.19636140903029614,0.13377983259105314,0.09322441832721244,0
0.47995835188762365,-0.9171402842367884,0.8408487834345625,-0.734237907911997,-1.1356640630164432,-0.24289636236312756,1
-0.9306740597704602,0.39314601333040883,1.0416582689177958,-1.9264837232358074,-0.13838183377306687,-0.7991753465726161,1
-0.3413848836486263,-0.3519521130815134,-0.3464071205951441,0.050958001418944424,0.0797880369211656,0.046630529970495514,0
-0.9577602873284993,-0.2337304310928872,-0.47210216389301757,1.35374833064593,-0.7609236956437198,0.4556233940350705,1
0.13413738352194918,-0.05976785536629395,-0.6780086707241277,0.000296641833644522,0.10289560767598872,0.10192239996492268,0
0.07573429567422026,-0.2115395263309973,-0.3982850521165863,0.02737511360364756,-0.0342765074372836,0.01893580635798419,0
2.196959235443443,-0.18971194933222757,-0.8341314896141185,0.6844605312195557,0.1548201570169964,4.2070876729638575,1
-0.1084541692283593,-0.046775245757742966,-0.5969309035849168,0.07047482155886249,0.22911916267653898,-0.02842315225903144,0
0.0750542515195111,2.9246486005169157,-0.5148320641894525,1.0405785950876085,1.0697824592195715,-0.1951205291630117,1
0.33280941802224584,-0.311367460968843,-0.29054264911680716,0.07927761848989465,-0.08121993188411007,0.062444614275049624,0
-0.7240333198290855,-2.028804174444376,0.7974604061633752,-1.7585973700828057,-0.9799710091464201,-0.29576929770396226,1
-0.5056494286569736,-0.11967662607199811,-0.5480772895471383,-0.2465134156908313,0.25286394281063024,0.015795392974425053,0
-1.6909789833345532,2.395795905672479,-0.74304108932244,-0.8097701610798406,0.05300614841264133,0.8829329187567326,1
1.8338229248211761,-1.300030188449224,1.1516776590662967,-2.6471035408176125,-1.0695882818032605,0.27057365262712674,1
0.3365692590800355,-0.3433152783121556,-0.20720201555528156,-0.02619781397669702,-0.011188657435692813,0.11206208737299979,0
0.548165053513475,-2.0018357553588455,0.8248784519522213,-3.008752749028602,2.4913089738377354,0.5385175221554354,1
0.9441923780287713,-0.1097946773602655,-1.80716611542303,0.1642149214201393,-1.6840267013459533,-2.5518021008018374,1
0.5558790705055958,-1.4949461703575304,0.40136820615555807,0.5793586780477743,1.653897656014729,-0.6429950728059063,1
-0.0993743163971657,-1.0655294532309314,0.9584438071742317,-0.7824473829956522,0.18831002260060253,-1.8684269175539279,1
-2.455272732469353,-0.7649230717184533,-0.34493772361584507,1.648763020045397,3.3154075685969633,-1.1352522572700166,1
0.5079794268100875,0.9914343492889004,2.65468986105259,0.08648744153974638,-0.1526125675778553,-0.6687057889657901,1
0.10127674527649155,0.031189482282398054,0.07183384788535835,0.12329220956089558,0.011813260555732752,0.09675505168182079,0
1.0146110210051138,-1.1096429641048484,0.06509033386165705,-1.6266454470419438,0.09975495263431798,-0.8810052018216116,1
-1.4679832453474235,-1.6483297622187212,-1.9472238246013125,1.0983078769515138,-1.4974892793879566,0.5499655012946066,1
0.1884071672277467,-0.08214182090800526,-0.5609185264938931,-0.03996522041955664,0.008033023535614208,-0.05748023503095567,0
0.3397854767390451,-0.0135874949944511,-0.6938837416541127,-0.10895996867628309,0.05810991225742562,0.017351414456266645,0
-0.291000688967366,0.28169650198330914,0.020059724937299787,-0.02904105589481959,-0.09415156342838386,0.08645102634158154,0
0.750805284394848,-1.9240252030381968,0.7961145800059884,0.8700469223944753,1.7566603689702514,1.1300772321608887,1
0.13628000638265106,0.1452640293875864,-0.06100131161990269,-0.13151738639656566,0.10606214174723147,-0.023240329262363857,0
0.22808857186161716,-0.2867294845637133,-0.2983382634779916,0.10523631799270927,-0.07588064463580009,0.10802343167116647,0
-0.03448260661457814,0.09051837074766424,-0.4890154626278887,0.040255551108459936,0.09207877308157393,-0.003725484396876914,0
1.511085870154434,0.8195344809126962,-1.2751908117074855,0.5502527634327635,-0.6533176530345808,0.34561445127054813,1
0.06855174337210027,0.0556267998945301,-0.5480186597564074,-0.009477627601049156,-0.009813322906818326,0.05483909334643338,0
-0.2426061997622139,2.30118452709061,-2.282543960467776,1.131704660840776,-3.1157119598734404,0.6537451943809018,1
0.5870092544392037,2.8861532372802157,0.1993506434314706,1.0703179952997381,-0.5928326849134304,0.039210572071439714,1
1.7370061284894653,-1.1714000723261246,-1.289573710845332,1.4787957131719907,1.0954029462985837,1.0057472007326087,1
0.023974856255996956,0.18496822860858922,-0.4858953230609822,-0.09483324384360155,0.11331027476872868,-0.01640493307169276,0
-0.12223668028596209,-0.510576108683972,0.9569432332230002,2.133204302467345,2.2199714200904244,1.3396829428592132,1
-0.030784243021976646,0.2814222223415873,-0.45650300844219327,-0.07687742196822452,-0.05852100270468089,-0.1411657308054291,0
-0.11317261343302179,0.1245520146815843,-0.1581329095045572,0.01692257949261537,-0.006912816877127588,-0.07700694038467246,0
0.33683548417969567,0.1763360527068384,-0.4036598543904723,-0.059559921068132245,0.08994577202151294,0.006767157745639841,0
-0.09005605701470841,-0.052307471591772965,-0.4503429812194033,-0.13552823407776796,0.17824136946395122,-0.004398425423706696,0
-0.06993823678490516,-0.06260899567070734,-0.16201350263180303,-0.06089699236900715,0.11897274709537128,0.021875256360650294,0
0.17738310557923034,-0.4710671412025614,-0.5229478301950762,0.005763551383135581,0.011960883273509984,-0.07229461378909013,0
0.798224431931102,0.49261875658560456,0.8030473032676004,-1.4365923316075362,0.7582008255646218,2.303518155979349,1
0.058171084659281905,-0.2865114043227209,-0.5793047536688953,0.14915420910045954,-0.03469886001926554,-0.06356337068938292,0
0.2276334728114583,-0.8013616181355468,-0.2167718207245627,-0.9022834778424111,-2.7891451591886782,1.8697307319704948,1
-0.9330553290334519,-2.1236654216951085,0.7724989095960149,1.17521704545448,0.5454390329645388,0.5708965819300328,1
0.12373763624366978,-0.06714424187695889,-0.44220344126063854,0.10648807484638231,0.019620182089120426,0.1282867122851543,0
0.16320673862250418,-1.9017580239105594,0.03672704774898376,-1.594032012055602,1.6947526149365855,-3.895367450023239,1
0.33396776434838,0.4217312000067592,-0.312688521618812,-0.10007588672546652,0.15149006838704435,-0.10071626370207848,0
0.01084138855812161,0.10102595593075842,-0.22756513326754946,0.08555699606875204,0.044051266228286895,0.004578056580205453,0
0.11028846573099642,-0.4413944314076166,-0.7197900290199346,-0.002660215963735363,0.012231889056401695,-0.00808011877674615,0
0.5595875419050884,1.8226097916016033,0.21329211525103453,0.7467719265234353,0.2813818013792003,0.8487907764915695,1
-3.2661248507222718,-0.5315460887633282,-0.02222684578491806,-0.5468110786111912,0.697207521691936,-3.364541087041256,1
-0.065416207370796,-0.40461697557542387,1.936331446821902,4.33455348530145,-0.8969030132929865,-1.62300237739367,1
-0.056780517324955045,-0.3972115161618613,-0.2756007410954886,-0.024883774277883634,0.10523499915255786,0.03051919263503968,0
-0.23576621866204422,-0.27556709447403005,-0.7239496126964833,-0.1275714089148918,-0.0764477023650715,-0.013549595589569247,0
0.06260839533677463,0.19661680365957698,-0.599446375528389,0.23376232441571262,-0.10733494261843822,0.09777073314897503,0
-1.2430677879282512,1.4552468488108377,-1.4679179571164171,0.9153024774869309,0.48608119529595023,3.3953521483623685,1
1.8140620574973672,0.6739984419125037,-0.5602409396855712,0.3403545493501256,0.011465837860323904,0.246725854800995,1
1.6113296959751673,-1.8534315443104938,1.8690963805725689,-0.18797561286344655,-0.7669750505808012,-2.8476537602525593,1
1.280484052384198,0.7342928830564573,-0.06233009804067874,1.924377951134995,-0.22326044675748222,2.2550487598341933,1
1.0868140637300001,1.8999660679616404,-3.1726387618789698,-0.6638711883054605,-0.6873362002401832,0.4252366334332623,1
-0.10617619346932973,0.07962173387320226,-0.408626054031094,0.09355481582674757,-0.040419628521922414,0.0419653933428856,0
-0.2263132520702597,0.014669332658450595,-0.6154112776297682,-0.13027154241275826,-0.05590512386671967,-0.03173469935025117,0
0.12028895010037295,0.2776395496711207,-0.5090104160034713,0.05134485799476907,0.0232124599304502,0.11370320247149489,0
-1.1356702521209063,1.7718609971423638,2.141528146057677,-0.0024150803640596904,-0.12518427195647722,1.5412633432417862,1
1.5328746561512077,-2.486453472611814,-0.24071032000909626,-0.024814892660659754,-2.074568228650843,0.632289387685096,1
-2.273519327728683,-0.28841942595695125,1.9279067777279673,0.5457756582759504,0.6050815875795393,0.22612086542207163,1
0.9351801255200295,1.933441103465028,1.7486657108821682,0.523304793531766,1.2313340130341668,-0.4718143338897781,1
0.3290210766742721,1.3599595185064455,0.9922699242406162,-0.614435317185557,1.4267184601717726,0.9299220360667236,1
0.10788302984249416,0.3682968778309637,0.1474752710005249,-0.04792052363395737,-0.02396740653070537,0.15001085931909772,0
0.3429710630976687,-0.09931598335753136,-0.22212335112068163,0.06934018250516573,0.04048136065491341,0.2705862666750579,0
0.29809599053011315,2.0055910777387633,1.1776004091029268,-1.1976748767870171,1.2188419685302698,-0.002584093843888088,1
1.9960334736924068,-2.9018305016609096,-1.8792548150690418,0.5049077211084849,0.61469415518988,0.5593141985480538,1
-0.23881152061598493,0.23822006764372197,-0.7973712296725198,0.053689036975021566,0.03629093787728816,0.02947381294509468,0
-0.5420853847027817,-1.2938853838547217,-1.8695162743398817,0.6986557302873668,-0.22703410319011985,1.0393857563056177,1
1.4694555029478598,-0.5112435453226585,0.7377274149894107,0.880979604261025,-0.23822503193023462,-1.6667939387858135,1
0.2520008047830883,0.18196516553036188,-0.6525855975834031,-0.045218017650236524,-0.020367098918191703,0.006664977444523972,0
-1.5794476748150632,-0.1191522463398979,1.7870690888125786,-0.7382525779756847,-0.15884314375032077,-0.017878229280990494,1
0.0022644365299345666,-0.30443563039516347,-0.7001308959499022,-0.06854093548959424,0.07826985571863687,0.09033018611266691,0
-2.507243493751908,-1.1129060708610308,-0.6075819660493814,-0.9182657546159697,-0.3533198904627216,0.4644307353905484,1
0.012663370240127364,0.3879979488741086,-0.324626654447684,-0.06464697118551145,0.04213636087808903,0.06069757304902943,0
-0.2941965550551342,0.844062948336008,1.2398753540285234,0.3810540526384403,-0.2548780862993424,2.2794162380474017,1
0.2399965730466045,-0.4739059607737,2.425500554070639,-1.8879728473610247,0.29913601955854713,-0.8269700742769254,1
-0.17130844383072114,0.06296280333184019,-0.5618753703815194,0.03769146493823683,0.0011158104395208143,0.07440274097122673,0
2.084382444969684,-0.601166790443295,-1.5190840662204121,-0.7268873400104604,-3.1255798432810127,-1.321685511866364,1
-0.073046760849572,-0.4907641044815037,-0.928224380590865,1.8437039681350225,-2.1314536637698236,-1.079064864914112,1
-0.32070563448623984,-0.9413072759253482,0.786334182191834,0.11404456406854073,0.6556798549828237,-1.594841666839433,1
0.34445877632701805,0.1240440431172425,-0.26264289341346353,-0.12182578695116268,0.14771272857959314,-0.0799976087334683,0
0.22310273681209286,0.11426186855086005,-0.5351953529488792,-0.010810656413206554,-0.08060873016780774,-0.0517208654120797,0
-0.8126222971310724,1.4937059176437069,-2.616145872609762,0.7410354271315713,-0.8100462208255629,-1.3930164935135876,1
-0.8054398705112669,0.5210434490854554,0.3585259088180093,2.4076203457067917,-0.5869304210756571,-2.3822024622612057,1
-0.27515929410610596,-0.12475767735585569,-0.7221961108290432,-0.06437686284871236,0.1475687329794148,0.09085300615050113,0
0.1462677840892411,-0.14201122562334215,0.06275619991954798,0.16850505801568375,0.13093944691619425,-0.01938476662045732,0
0.6708775451007521,-0.3270204114872078,-0.6082247098050589,-0.058265329323458,-0.0799556606793346,0.06747695272234432,0
0.7245493133118865,-0.08186781047480263,1.0099437275169771,-4.405482954898739,0.15394355507676147,0.9644844360811626,1
2.2737634714412307,-2.498762307260211,-0.788136755312455,-0.10145900310592622,-1.7093823101914294,-0.06429133292513542,1
1.108564276073776,-0.6480059812585128,1.341207849265822,1.1399653647983663,-0.7853310570122876,1.0839476049879935,1
-0.2078353799230516,-0.12216984946152966,-0.28901085373776386,0.006317538042601513,0.019301839600562923,-0.23095537531833693,0
-0.12625003814573862,3.210975220515407,0.3894935228627833,0.767283255912681,-1.9616202586644933,-0.9968032175210146,1
-0.16202475931591154,0.0817066496178974,-0.5367518631775201,-0.01054898555569477,-0.02116908394801666,0.12551464847698923,0
0.6826792090182608,-0.5055253733013578,-0.12476302443253064,-0.7921326072317576,-0.6015504049384193,-0.44017735877013986,1
-0.22868665758708942,0.14162532386782148,-0.33345513658444115,0.28137212127750694,0.06189331740587154,0.001617576730564455,0
0.9097199093749105,-2.4247645038760424,2.068445006701803,-0.412973435962544,-1.2954682949495735,-0.7941358161704916,1
1.596859543914731,-1.228381753074597,0.6406645698812733,1.2857814567437396,0.7667228870212102,-3.6787184103984067,1
2.6104231388962287,1.4277080291431115,-0.838486475022898,1.1582171376262302,-1.0587236516169911,1.7205097527222692,1
-0.4982428366576272,1.8328682768379463,-2.056240876674237,-0.3423803592682716,-0.7476553929973853,-0.08635819237089894,1
1.5726689468864632,2.9645091274764894,1.3604076769403832,0.2999382655870972,-1.3886636289878342,2.5886657607697408,1
-0.026108812536566554,0.3921213673440024,-0.39010878264192755,0.07777341727246495,-0.0964734426543249,-0.07147775100090724,0
-0.9641676796133481,0.28265767329958913,3.3909645792960386,-1.5004201621450006,-2.201562605480573,0.2948511679374909,1
2.991008136142575,1.715312914332222,2.2056507526486917,1.3307924741402697,0.840075421620755,0.46961359545140646,1
0.28311837829960296,0.2736976031122169,-0.41376577909264706,-0.014462846744560073,0.10023361903522233,0.17631551377848279,0
0.07010353896319063,0.12731760452228538,-0.2982728278780845,0.13849884633125537,0.06397490866870162,0.049268640342937896,0
0.9326904209040459,-0.7510942113276918,1.9629089738127423,0.7177729210040729,1.520972621004953,-0.5186352467220645,1
-0.08652739759439203,0.0009779463934574057,-0.33028322988572706,-0.008830032391154775,-0.03757423276766856,-0.13713428654699394,0
-3.8455196115637915,-0.7633608737452068,2.1842813290004894,0.46305669312102193,1.4441699563198338,0.738776193877374,1
-0.9640060494438647,-1.713321147445155,-0.042543815016376156,-1.0324471013908525,0.32923976981570585,-1.302192690744899,1
-0.3256109615956208,-0.5308942354741581,-0.453396325080539,-0.043443040299359977,-0.033555179153736764,0.22648119468729247,0
-0.0012100393302863824,-0.06530400720237829,-0.21754596372809565,0.010664941354721768,-0.09929598336014017,0.12291453820226754,0
-0.1071008597809598,0.10327800039273631,-0.24887030149088726,0.007003263018723323,0.116861097162539,-0.06401434114892177,0
0.0229644626127718,0.0795855308428397,-0.35783516826521644,-0.045061534692127744,0.07098891617411576,0.07804568230855133,0
-0.5109579523002571,-0.3490803259091836,1.1616920294551754,-0.5270709914469762,0.5005650309714106,-2.2300429620549616,1
-0.35095405097061383,0.12139738076468212,-0.6427522923156218,0.06938942266224205,-0.02450473596184345,0.017747597713582197,0
0.12598978782154202,0.40261230981977036,-0.062232651534206804,0.17155471364460992,0.0423924815699213,0.056187081794574885,0
0.07226569585255926,-0.04857313091418982,-0.42956467010733135,-0.07125221176344669,0.05401468211993047,-0.023904884864933484,0
0.3261663415723771,0.137781191103599,-0.4522039025155932,0.23851993570141364,0.06062616138438938,0.09555606677945677,0
0.29319955782505835,0.34585351497208644,-1.0084510819586952,2.0267191805228686,0.010801642959110153,0.3905463658490899,1
2.1340863386468114,1.1779697056457046,0.5724560288547713,0.7467018450134995,2.449250893117735,-0.7149026689316299,1
0.05475233415838944,-0.18804752424113674,-0.8487865408902351,0.18755226283537582,-0.055977356112191484,0.03942922411542175,0
1.0927957650958882,0.6993860089309588,0.014827613586263508,-1.4510852880011154,-2.4721111699638563,1.8616969924937523,1
0.7583961166244082,-0.27671569252999695,0.6308890210902163,1.8294993538014834,0.1382783863068976,0.6416459523702629,1
2.5364320272995005,0.0759423762738263,2.7167216642800947,-0.059182709578925796,-1.7943859414636387,0.25322841957937015,1
-0.07546771474409142,-0.12994037837760491,-0.6810940250709022,0.029561329791677436,0.049753662390938216,-0.0034527089092930784,0
-2.0322614423838257,-0.047329084767265155,-0.28157580938803634,0.3779599111348236,0.7419183302833592,-3.3985807600291444,1
0.015573892548674374,0.023652100090863378,0.04859725660049432,-0.02896293268663592,0.018167603479774027,0.032021555940414705,0
-0.5751424966827364,0.22720659605973254,-0.20023241393655514,0.04936840224718402,-0.015148368513270137,0.24286734345486488,0
0.13113100669614106,-0.0694336600463139,-0.5796903970016083,-0.12260691646454584,0.06286375455911264,-0.0631834222715584,0
-0.05169471216903543,0.16151500042592673,-0.5402623061074017,0.05941413095280091,0.06530669908211774,0.27363969057759663,0
2.838044246050015,0.4524504083753063,0.7411506398044004,1.3898170067762805,-0.8030424293273104,-3.225529309208655,1
-0.3377663429047754,0.09400198784386965,-0.31726993757723365,0.06427367734271398,-0.06053371449557137,-0.04012536370015255,0
0.27655122628267736,-2.503882460933862,-0.32961091705427364,-1.175616122938767,-1.266670931705421,0.9297924446634653,1
-2.35576492787141,0.027022442350264415,0.8964061720149951,-0.9458145600678515,0.1293771368163188,-0.43069560686919073,1
0.1885835215527234,0.5591751150894303,-1.2263820639338845,0.8249178147212531,-0.8253775367588095,-1.7627863203279825,1
-0.02741554524377738,-0.257130625092981,-0.4601002665602631,-0.005803137724097394,0.09290648652256756,0.06070633152198296,0
-0.513875378858076,1.0445182813226364,0.15052053268866938,-0.8828000610857685,-0.6838893032437698,0.959012208338929,1
-0.38782163154943916,-0.10197796833378324,-0.11710211258074892,0.11541802417272674,0.0543232503193359,0.19792029007860656,0
0.14857374873170445,-0.10399973212499213,-0.15684959942025908,0.1221408151619847,-0.01619213810192733,0.056089522366836855,0
-3.8160533538601484,0.6495956135695939,0.6488636446540008,0.0721744982982217,0.7855361654262132,-0.15527761136465576,1
-1.3480297810749358,0.25645755890115046,1.4510700848906393,-0.9748527730948165,0.8365480028327564,2.4787430498283265,1
0.4664510907741671,0.27308008477704954,-0.5900711460425733,0.07833387535835376,-0.06850049825565212,0.18936050006710994,0
-0.2539959840473043,-0.3370424430067599,-0.4077770421113501,0.17253512119485898,0.20222281166967096,0.057059400656747375,0
-0.12135887259746203,-0.13855594382435094,-0.04184956472221099,-0.02346710694331166,-0.2310540716531356,0.09941919843843292,0
0.9914421268450019,2.3835769009134804,1.6347504805321682,0.7286636295245889,0.059718074233214194,2.348052197249756,1
-0.06610774159050267,-0.17095041878741293,-0.6375286259463082,-0.08837963938458532,-0.0038206860163884984,-0.07389217384694087,0
0.007944323975369223,0.33033207157794003,-0.260294117842714,0.04096239343141122,0.01595364037750503,0.0494111235340062,0
0.4718211609150189,-1.0530714458010448,0.8529022523681485,-0.3436488157149024,0.33040161073486896,0.3195768942336999,1
0.5839312095333274,2.2337546320421238,1.7802025021936139,-0.8771315035614745,3.4840796843677064,3.4000605420392698,1
0.0860187073289961,0.46774442062683175,-0.641235108480896,-0.07393747342781498,0.1880345700738675,0.006010533664108298,0
0.26311033647491694,0.4787491271378593,-1.4611365931790736,1.1329317872241118,0.9170278257772136,-0.44320626431961296,1
0.09871206989204342,-0.32387917416757855,-0.38531435834325656,-0.10578479811092587,-0.057232944717217286,-0.0024621632656751983,0
-0.4362958874309762,1.7304977663383554,-0.22312811531834734,-0.9631583028570195,0.5689472541594304,0.08619755499425595,1
-0.15532499434634056,0.08186187641257074,-0.4612791116892745,0.05411843509387215,0.0837228563922926,-0.02307204157109378,0
-1.5154274507392678,-1.3320455421923547,-0.7426014136232537,-2.840314063347036,1.0418639161098022,0.7107180328436808,1
0.08164884358676733,-0.2572976830719181,-0.27243843204748475,0.03561316524607574,0.1976449060367017,0.1057320463994299,0
0.41241082966778836,0.3821285941799658,-0.29387422834598204,-0.034980635604014786,-0.07267197526982283,-0.08247334341773167,0
-0.4495707133105025,0.7169501026223638,0.5986801496979934,3.550958364771186,0.5803748454696951,-0.6136081473155299,1
0.07590306810568205,-0.08331575047928673,-0.3888863527623185,0.0393111952757225,0.2025677171210688,0.05424902145988173,0
0.042159766373458314,0.025772790706842456,-0.5025628461609114,0.08375778730433876,-0.02854255442963701,0.045967584985754345,0
0.6956194960687899,0.0845629165014919,-0.2817582951633666,-1.0180938977412164,-0.14521116195335607,-3.0911731490660705,1
-0.15033894542216902,0.3049162596219248,-0.30900889613689464,-0.06739367984145592,-0.018785772689690897,0.17955836401331468,0
-0.6782515219882783,-2.8322494440931094,-1.5354307897061965,2.281960730239069,1.1120911100743993,-0.7472729089417737,1
-0.929711996339161,-1.0985927768049004,-1.4125832814628438,-0.291239344565237,1.5200067389593652,-0.2326527028233258,1
0.3537731042779694,-0.1978007422334973,-0.4698705424016657,0.030896271532210032,0.028554791615795314,-0.02940463880915388,0
-0.9325042654153686,-0.47566298247755334,-0.23836013710947584,-0.0965718226830302,-0.2332421412124368,-0.7439725341129132,1
